"h","b_raw","se_raw","n_raw","b_sur","se_sur","n_sur","se_ratio","p_raw","p_sur","sample","counties"
0,0.15773644713746,0.124392216516488,221781,-0.488065804538171,0.740866884623648,221781,5.95589423013011,0.204777520544634,0.510039203468163,"full (published)",3127
1,0.392844952540239,0.15180006787598,218643,-0.568032002421244,0.916329516821981,218643,6.03642363039402,0.00965601341852552,0.535324103633198,"full (published)",3127
2,0.704304284282269,0.165985947570668,215514,-1.11588856917523,0.993382849162656,215514,5.98474065848091,2.2039802390438e-05,0.261300865983507,"full (published)",3127
3,0.785403786545011,0.153380176220739,212388,-1.12578875913932,1.53067706373895,212388,9.97962775538905,3.04509711973771e-07,0.462044673556497,"full (published)",3127
4,0.90504036168862,0.261304382106028,209262,-1.53501508867952,1.83415863071486,209262,7.01924175910155,0.000533100777436028,0.40264641103248,"full (published)",3127
5,0.958108855395178,0.334329940007586,206136,-1.5713062987386,2.0514597012786,206136,6.13603346811252,0.00416011519424855,0.443708739245912,"full (published)",3127
6,1.02776828926844,0.308885519418948,203012,-1.56691833355611,2.48202406617887,203012,8.03541736384361,0.000876781571219284,0.527840030390687,"full (published)",3127
7,0.902968876834873,0.303062633889389,199887,-1.08890738539163,2.73379721423685,199887,9.02056838598789,0.00288738636815016,0.690399366925798,"full (published)",3127
8,0.792104671081145,0.348155624203372,196759,-1.70797127828041,2.69743744644814,196759,7.74779224842409,0.0228972082376268,0.526614207911568,"full (published)",3127
9,0.646095422914597,0.41376596142881,193631,-1.46975106372749,2.64472005906806,193631,6.39182606982787,0.118405895558387,0.578395241848053,"full (published)",3127
10,0.61891820569234,0.431306697884227,190504,-1.45062583436129,2.71145807177629,190504,6.2866124849842,0.151291660235903,0.592650937074529,"full (published)",3127
11,0.404149068248365,0.473593030809756,187378,-1.5223329516395,2.80950152588334,187378,5.93231180171637,0.393455342417581,0.587920727904912,"full (published)",3127
12,0.213357167915353,0.548687267394837,184252,-1.96214091137514,2.90847651600949,184252,5.30079097665035,0.697386943966522,0.499911873233842,"full (published)",3127
0,0.136420898072623,0.089170474532811,199572,-0.43585823269456,0.567447731221559,199572,6.36362803040554,0.126044290001406,0.442426070129401,"drop smallest 1",2814
1,0.343681827751395,0.128410081515097,196753,-0.63995400914366,0.758288140428916,196753,5.90520721957306,0.00744089753253474,0.398699753936588,"drop smallest 1",2814
2,0.592295263424752,0.15481567719871,193939,-0.896596304111062,0.949137206308937,193939,6.13075641616511,0.00013034314525286,0.344840904774948,"drop smallest 1",2814
3,0.661717553256774,0.164489727604346,191126,-1.01496926245372,1.47626559658603,191126,8.97481938894662,5.74980399437343e-05,0.491752055414085,"drop smallest 1",2814
4,0.749733851488261,0.253167583296824,188312,-1.0730949557883,1.73306094487695,188312,6.84550890089683,0.00306230685283816,0.535790838005198,"drop smallest 1",2814
5,0.785124366095535,0.322007575265348,185498,-1.3676993841294,1.92162316868096,185498,5.96763342321204,0.0147599079201427,0.476624726307845,"drop smallest 1",2814
6,0.801053564346901,0.307643102565715,182684,-1.13908432726861,2.34984909706114,182684,7.63823104585676,0.00921856516776562,0.627855210525653,"drop smallest 1",2814
7,0.678635082519764,0.303846782967404,179872,-0.854592491156056,2.51791936556827,179872,8.28680607040814,0.0255174444305375,0.734305230136451,"drop smallest 1",2814
8,0.53715203557237,0.336549292127794,177059,-1.20790516413747,2.45421346382327,177059,7.29228532411045,0.110475947113706,0.622594872080362,"drop smallest 1",2814
9,0.410209620813956,0.390992739334094,174244,-1.02035469545303,2.38380217581787,174244,6.09679397084908,0.294109571287237,0.668624438162396,"drop smallest 1",2814
10,0.343728894363094,0.416098475510957,171430,-0.9797046312898,2.42728931463442,171430,5.83344918929054,0.408761076327236,0.686491534442564,"drop smallest 1",2814
11,0.153650567464008,0.456634414946957,168616,-1.27071911437095,2.49515767254422,168616,5.46423482521366,0.73650526619319,0.610560127531206,"drop smallest 1",2814
12,-0.039472499690586,0.518842430550823,165802,-1.4278290163862,2.55657991403486,165802,4.92746884891566,0.939357034798897,0.576508576113164,"drop smallest 1",2814
0,0.154573439138857,0.0801938583712913,177518,-0.615527984676165,0.432270972724314,177518,5.39032516334272,0.0539176940750298,0.154463804078731,"drop smallest 2",2501
1,0.30028135882478,0.0993200894657984,175016,-0.646561207202304,0.613966155705117,175016,6.18169152894834,0.002499765714038,0.292300052877238,"drop smallest 2",2501
2,0.496846228115882,0.155558678633334,172515,-0.754447259215198,0.946740080687943,172515,6.08606404352081,0.00140341714113069,0.425515191315203,"drop smallest 2",2501
3,0.539689468619967,0.166128884074951,170015,-0.893040264421393,1.36066541875309,170015,8.19042050592005,0.00115966643398865,0.511614310411067,"drop smallest 2",2501
4,0.619996669703212,0.238322648584342,167514,-0.969211744215468,1.59027096890487,167514,6.67276475127823,0.00928167251579684,0.542217411752744,"drop smallest 2",2501
5,0.604585882297854,0.290432353692985,165013,-1.04066549233955,1.8154678155416,165013,6.25091451574546,0.03737213027561,0.566494613954822,"drop smallest 2",2501
6,0.571521571647771,0.292369390382352,162512,-0.890450055902147,2.20065164129901,162512,7.52695635620768,0.0506075344225942,0.685749375617662,"drop smallest 2",2501
7,0.42849666496138,0.299166078268215,160011,-0.612831579840592,2.27162970096253,160011,7.59320613524211,0.152056939822412,0.787332450303137,"drop smallest 2",2501
8,0.306640059300987,0.322224755345359,157510,-0.748075426805283,2.22813524348957,157510,6.91484811929321,0.341282590386233,0.737066499193694,"drop smallest 2",2501
9,0.142584546675418,0.361182919038104,155009,-0.617517070566074,2.14734541666917,155009,5.94531275838833,0.693011889614399,0.773674147326877,"drop smallest 2",2501
10,0.0570065316123471,0.395273107387877,152508,-0.629234265104519,2.18557471277259,152508,5.529277534755,0.885326260763089,0.773420728249251,"drop smallest 2",2501
11,-0.11161722583754,0.440658756381475,150007,-0.813887704160167,2.17111807166786,150007,4.9269827053847,0.800039266854356,0.707756920915304,"drop smallest 2",2501
12,-0.267186631802441,0.492473353718176,147506,-0.979829579602983,2.26709375723164,147506,4.60348512282964,0.587446365966686,0.665598733555223,"drop smallest 2",2501
0,0.125213509813673,0.0728705849975002,155337,-0.514100248554418,0.386445601415156,155337,5.3031768775894,0.0857419503817611,0.183409505908423,"drop smallest 3",2188
1,0.27621194373101,0.110196343795076,153148,-0.526023952320163,0.596825742973314,153148,5.41602128000894,0.0121918009729663,0.378117909513055,"drop smallest 3",2188
2,0.448333282374957,0.165083046894156,150960,-0.743330648679506,0.941436700908283,150960,5.70280666985685,0.0066114945623454,0.429778640868528,"drop smallest 3",2188
3,0.495788777320205,0.179338513138353,148773,-0.917431406608718,1.3677518987448,148773,7.62664903823325,0.00570028409213893,0.502374298171331,"drop smallest 3",2188
4,0.569943892414433,0.250096466540725,146585,-0.87794397999605,1.57122778356891,146585,6.28248693514852,0.0226732351399027,0.576323464054093,"drop smallest 3",2188
5,0.552897536096659,0.303133474113988,144397,-1.02741926157208,1.82348249151367,144397,6.01544417634321,0.0681610102437913,0.573136692260918,"drop smallest 3",2188
6,0.494386431304065,0.306650556707598,142209,-0.812323537230296,2.21322637013905,142209,7.21742166034753,0.10691530129277,0.713595608331716,"drop smallest 3",2188
7,0.346530245375745,0.312321459727127,140021,-0.662501711244458,2.27078424628808,140021,7.27066352812274,0.267201311587047,0.770477639771145,"drop smallest 3",2188
8,0.207788180601047,0.333207031984651,137833,-0.60183914809696,2.21565400360225,137833,6.64948152626116,0.532889767581284,0.785906164981342,"drop smallest 3",2188
9,0.0471178130196256,0.367916260050109,135645,-0.440888842934556,2.14076245403301,135645,5.81861332723223,0.89809620636761,0.836830400377545,"drop smallest 3",2188
10,-0.0611737803829562,0.402557881227925,133457,-0.398439615461675,2.1680165327413,133457,5.38560200617159,0.879216359228742,0.85418549036736,"drop smallest 3",2188
11,-0.226482402587771,0.449265057914525,131269,-0.645997800829926,2.16053957742435,131269,4.80905322896355,0.614178771324773,0.764941293184956,"drop smallest 3",2188
12,-0.400831011350468,0.500376855901101,129081,-0.727064198255435,2.2493803116649,129081,4.49537240809053,0.423097921310752,0.746522072514796,"drop smallest 3",2188
