area_fips,cbsa,metro
46013,10100,False
46045,10100,False
53027,10140,False
48059,10180,True
48253,10180,True
48441,10180,True
40123,10220,False
26091,10300,False
72003,10380,True
72005,10380,True
72011,10380,True
72071,10380,True
72081,10380,True
72099,10380,True
72117,10380,True
72131,10380,True
72141,10380,True
39133,10420,True
39153,10420,True
35035,10460,False
13095,10500,True
13177,10500,True
13273,10500,True
13321,10500,True
41043,10540,True
36001,10580,True
36083,10580,True
36091,10580,True
36093,10580,True
36095,10580,True
37167,10620,False
27047,10660,False
01095,10700,False
35001,10740,True
35043,10740,True
35057,10740,True
35061,10740,True
01037,10760,False
01123,10760,False
22043,10780,True
22079,10780,True
27041,10820,False
48131,10860,False
48249,10860,False
34041,10900,True
42025,10900,True
42077,10900,True
42095,10900,True
26057,10940,False
26007,10980,False
42013,11020,True
40065,11060,False
48011,11100,True
48065,11100,True
48359,11100,True
48375,11100,True
48381,11100,True
13249,11140,False
13261,11140,False
19015,11180,True
19169,11180,True
36057,11220,False
02020,11260,True
02170,11260,True
48003,11380,False
18151,11420,False
26161,11460,True
01015,11500,True
55015,11540,True
55087,11540,True
12027,11580,False
40019,11620,False
40085,11620,False
72013,11640,True
72027,11640,True
72065,11640,True
72115,11640,True
05019,11660,False
37021,11700,True
37087,11700,True
37089,11700,True
37115,11700,True
39005,11740,False
39007,11780,False
41007,11820,False
20005,11860,False
39009,11900,False
47107,11940,False
48213,11980,False
13059,12020,True
13195,12020,True
13219,12020,True
13221,12020,True
13013,12060,True
13015,12060,True
13035,12060,True
13045,12060,True
13057,12060,True
13063,12060,True
13067,12060,True
13077,12060,True
13085,12060,True
13089,12060,True
13097,12060,True
13113,12060,True
13117,12060,True
13121,12060,True
13135,12060,True
13143,12060,True
13149,12060,True
13151,12060,True
13159,12060,True
13171,12060,True
13199,12060,True
13211,12060,True
13217,12060,True
13223,12060,True
13227,12060,True
13231,12060,True
13247,12060,True
13255,12060,True
13297,12060,True
34001,12100,True
01053,12120,False
18033,12140,False
36011,12180,False
01081,12220,True
13033,12260,True
13073,12260,True
13181,12260,True
13189,12260,True
13245,12260,True
45003,12260,True
45037,12260,True
23011,12300,False
27099,12380,False
48021,12420,True
48055,12420,True
48209,12420,True
48453,12420,True
48491,12420,True
13087,12460,False
06029,12540,True
24003,12580,True
24005,12580,True
24013,12580,True
24025,12580,True
24027,12580,True
24035,12580,True
24510,12580,True
23019,12620,True
55111,12660,False
21179,12680,False
25001,12700,True
50023,12740,False
40147,12780,False
36037,12860,False
05063,12900,False
05135,12900,False
22005,12940,True
22007,12940,True
22033,12940,True
22037,12940,True
22047,12940,True
22063,12940,True
22077,12940,True
22091,12940,True
22121,12940,True
22125,12940,True
26025,12980,True
26017,13020,True
48321,13060,False
31067,13100,False
48199,13140,True
48245,13140,True
48361,13140,True
55027,13180,False
54019,13220,True
54081,13220,True
18093,13260,False
48025,13300,False
39091,13340,False
53073,13380,True
27007,13420,False
41017,13460,True
45069,13500,False
50003,13540,False
33007,13620,False
26107,13660,False
48227,13700,False
51195,13720,False
51720,13720,False
30009,13740,True
30095,13740,True
30111,13740,True
36007,13780,True
36107,13780,True
01007,13820,True
01009,13820,True
01021,13820,True
01073,13820,True
01115,13820,True
01117,13820,True
38015,13900,True
38059,13900,True
38065,13900,True
16011,13940,False
51071,13980,True
51121,13980,True
51155,13980,True
51750,13980,True
17113,14010,True
18105,14020,True
18119,14020,True
42037,14100,True
42093,14100,True
51021,14140,False
51185,14140,False
54055,14140,False
18179,14160,False
05093,14180,False
22117,14220,False
16001,14260,True
16015,14260,True
16027,14260,True
16045,14260,True
16073,14260,True
48147,14300,False
37189,14380,False
48233,14420,False
25021,14460,True
25023,14460,True
25025,14460,True
25009,14460,True
25017,14460,True
33015,14460,True
33017,14460,True
08013,14500,True
21003,14540,True
21031,14540,True
21061,14540,True
21227,14540,True
30031,14580,False
42083,14620,False
27021,14660,False
27035,14660,False
29213,14700,False
08117,14720,False
53035,14740,True
48477,14780,False
37175,14820,False
09001,14860,True
28085,15020,False
41015,15060,False
46011,15100,False
47075,15140,False
48061,15180,True
48049,15220,False
13025,15260,True
13127,15260,True
13191,15260,True
39033,15340,False
36029,15380,True
36063,15380,True
16031,15420,False
16067,15420,False
17071,15460,False
19057,15460,False
37001,15500,True
50007,15540,True
50011,15540,True
50013,15540,True
30093,15580,False
26113,15620,False
26165,15620,False
13129,15660,False
24037,15680,True
24019,15700,False
39059,15740,False
05013,15780,False
05103,15780,False
21087,15820,False
21217,15820,False
08043,15860,False
39019,15940,True
39151,15940,True
12071,15980,True
17003,16020,True
29017,16020,True
29031,16020,True
17077,16060,True
17087,16060,True
17199,16060,True
35015,16100,False
19027,16140,False
32510,16180,True
56025,16220,True
49021,16260,False
19011,16300,True
19105,16300,True
19113,16300,True
13233,16340,False
39107,16380,False
21177,16420,False
17121,16460,False
53041,16500,False
42055,16540,True
17019,16580,True
17147,16580,True
54005,16620,True
54015,16620,True
54035,16620,True
54039,16620,True
54043,16620,True
17029,16660,False
17035,16660,False
45015,16700,True
45019,16700,True
45035,16700,True
37007,16740,True
37025,16740,True
37071,16740,True
37097,16740,True
37109,16740,True
37119,16740,True
37159,16740,True
37179,16740,True
45023,16740,True
45057,16740,True
45091,16740,True
51003,16820,True
51065,16820,True
51079,16820,True
51125,16820,True
51540,16820,True
13047,16860,True
13083,16860,True
13295,16860,True
47065,16860,True
47115,16860,True
47153,16860,True
56021,16940,True
17031,16980,True
17043,16980,True
17063,16980,True
17111,16980,True
17197,16980,True
17037,16980,True
17089,16980,True
17093,16980,True
18073,16980,True
18089,16980,True
18111,16980,True
18127,16980,True
17097,16980,True
55059,16980,True
06007,17020,True
39141,17060,False
18029,17140,True
18047,17140,True
18115,17140,True
18161,17140,True
21015,17140,True
21023,17140,True
21037,17140,True
21077,17140,True
21081,17140,True
21117,17140,True
21191,17140,True
39015,17140,True
39017,17140,True
39025,17140,True
39061,17140,True
39165,17140,True
54017,17220,False
54033,17220,False
54091,17220,False
28027,17260,False
21047,17300,True
21221,17300,True
47125,17300,True
47161,17300,True
06033,17340,False
28011,17380,False
47011,17420,True
47139,17420,True
39035,17460,True
39055,17460,True
39085,17460,True
39093,17460,True
39103,17460,True
12051,17500,False
19045,17540,False
35009,17580,False
72043,17620,False
72123,17640,False
16055,17660,True
20125,17700,False
26023,17740,False
48041,17780,True
48051,17780,True
48395,17780,True
08041,17820,True
08119,17820,True
29019,17860,True
29053,17860,True
29089,17860,True
45017,17900,True
45039,17900,True
45055,17900,True
45063,17900,True
45079,17900,True
45081,17900,True
01113,17980,True
13053,17980,True
13145,17980,True
13197,17980,True
13215,17980,True
13259,17980,True
13263,17980,True
18005,18020,True
28087,18060,False
31141,18100,False
39041,18140,True
39045,18140,True
39049,18140,True
39073,18140,True
39089,18140,True
39097,18140,True
39117,18140,True
39127,18140,True
39129,18140,True
39159,18140,True
33013,18180,False
18041,18220,False
47087,18260,False
47133,18260,False
47141,18260,False
41011,18300,False
13081,18380,False
28003,18420,False
13137,18460,False
36101,18500,False
48355,18580,True
48409,18580,True
48349,18620,False
36023,18660,False
41003,18700,True
39031,18740,False
08081,18780,False
18107,18820,False
06015,18860,False
12091,18880,True
12131,18880,True
47035,18900,False
01043,18980,False
37099,19000,False
37173,19000,False
24001,19060,True
54057,19060,True
48085,19100,True
48113,19100,True
48121,19100,True
48139,19100,True
48231,19100,True
48257,19100,True
48397,19100,True
48251,19100,True
48367,19100,True
48439,19100,True
48497,19100,True
13213,19140,True
13313,19140,True
17183,19180,True
21021,19220,False
21137,19220,False
51143,19260,False
51590,19260,False
01003,19300,True
17073,19340,True
17131,19340,True
17161,19340,True
19163,19340,True
47143,19420,False
39057,19430,True
39109,19430,True
39113,19430,True
01079,19460,True
01103,19460,True
17115,19500,True
18001,19540,False
39039,19580,False
48465,19620,False
12035,19660,True
12127,19660,True
35029,19700,False
08001,19740,True
08005,19740,True
08014,19740,True
08019,19740,True
08031,19740,True
08035,19740,True
08039,19740,True
08047,19740,True
08059,19740,True
08093,19740,True
22011,19760,False
19049,19780,True
19077,19780,True
19099,19780,True
19121,19780,True
19153,19780,True
19181,19780,True
26163,19820,True
26087,19820,True
26093,19820,True
26099,19820,True
26125,19820,True
26147,19820,True
38007,19860,False
38089,19860,False
17103,19940,False
20057,19980,False
01061,20020,True
01067,20020,True
01069,20020,True
13003,20060,False
13069,20060,False
10001,20100,True
13167,20140,False
13175,20140,False
13283,20140,False
42033,20180,False
19061,20220,True
27017,20260,True
27075,20260,True
27137,20260,True
55031,20260,True
48341,20300,False
40137,20340,False
08067,20420,False
40013,20460,False
37037,20500,True
37063,20500,True
37077,20500,True
37135,20500,True
37145,20500,True
47045,20540,False
48323,20580,False
24041,20660,False
42089,20700,True
55017,20740,True
55035,20740,True
08037,20780,False
17049,20820,False
48481,20900,False
06025,20940,True
05139,20980,False
37139,21020,False
37143,21020,False
21093,21060,True
21123,21060,True
21163,21060,True
40009,21120,False
18039,21140,True
54083,21180,False
32007,21220,False
32011,21220,False
53037,21260,False
36015,21300,True
48141,21340,True
48229,21340,True
20017,21380,False
20111,21380,False
40047,21420,True
01031,21460,False
42049,21500,True
26041,21540,False
35039,21580,False
01005,21640,False
13239,21640,False
41039,21660,True
06023,21700,False
56041,21740,False
18129,21780,True
18163,21780,True
18173,21780,True
21101,21780,True
02090,21820,True
19101,21840,False
27091,21860,False
54049,21900,False
32001,21980,False
27027,22020,True
38017,22020,True
27131,22060,False
29187,22100,False
35045,22140,True
37051,22180,True
37085,22180,True
37093,22180,True
05007,22220,True
05087,22220,True
05143,22220,True
27111,22260,False
32019,22280,False
39063,22300,False
13017,22340,False
04005,22380,True
26049,22420,True
45031,22500,True
45041,22500,True
01033,22520,True
01077,22520,True
55039,22540,True
37161,22580,False
05123,22620,False
08069,22660,True
19187,22700,False
29169,22780,False
17067,22800,False
19111,22800,False
29045,22800,False
08087,22820,False
01049,22840,False
22115,22860,False
05033,22900,True
05047,22900,True
05131,22900,True
40135,22900,True
18003,23060,True
18183,23060,True
18023,23140,False
21005,23180,False
21073,23180,False
48171,23240,False
17177,23300,False
31053,23340,False
39143,23380,False
06019,23420,True
01055,23460,True
45021,23500,False
12001,23540,True
12041,23540,True
12075,23540,True
13139,23580,True
48097,23620,False
17095,23660,False
35031,23700,False
20055,23780,False
20093,23780,False
32005,23820,False
45043,23860,False
42001,23900,True
56005,23940,False
56011,23940,False
56045,23940,False
21009,23980,False
21169,23980,False
36113,24020,True
36115,24020,True
08045,24060,False
08097,24060,False
36035,24100,False
37191,24140,True
48221,24180,False
27119,24220,True
38035,24220,True
31079,24260,True
31093,24260,True
31121,24260,True
08077,24300,True
27061,24330,False
26067,24340,True
26081,24340,True
26117,24340,True
26139,24340,True
35006,24380,False
41033,24420,True
20009,24460,False
30013,24500,True
08123,24540,True
55009,24580,True
55061,24580,True
55083,24580,True
47059,24620,False
37081,24660,True
37151,24660,True
37157,24660,True
18031,24700,False
28151,24740,False
37147,24780,True
39037,24820,False
45007,24860,True
45045,24860,True
45059,24860,True
45077,24860,True
28015,24900,False
28083,24900,False
45047,24940,False
28043,24980,False
72015,25020,True
72057,25020,True
72109,25020,True
28045,25060,True
28047,25060,True
28059,25060,True
28131,25060,True
40139,25100,False
24043,25180,True
54003,25180,True
54065,25180,True
16013,25200,False
16025,25200,False
22105,25220,True
06031,25260,True
29127,25300,False
29173,25300,False
42041,25420,True
42043,25420,True
42099,25420,True
05009,25460,False
05101,25460,False
51165,25500,True
51660,25500,True
09003,25540,True
09007,25540,True
09013,25540,True
31001,25580,False
28031,25620,True
28035,25620,True
28073,25620,True
28111,25620,True
20051,25700,False
49043,25720,False
49051,25720,False
30043,25740,False
30049,25740,False
05107,25760,False
37181,25780,False
48117,25820,False
41049,25840,False
41059,25840,False
37003,25860,True
37023,25860,True
37027,25860,True
37035,25860,True
26059,25880,False
15001,25900,False
45013,25940,True
45053,25940,True
13179,25980,True
13183,25980,True
35025,26020,False
26005,26090,False
12017,26140,True
41027,26220,False
05057,26260,False
05099,26260,False
05051,26300,True
26061,26340,False
26083,26340,False
22057,26380,True
22109,26380,True
48015,26420,True
48039,26420,True
48071,26420,True
48157,26420,True
48167,26420,True
48201,26420,True
48291,26420,True
48339,26420,True
48473,26420,True
36021,26460,False
42061,26500,False
18069,26540,False
21019,26580,True
21043,26580,True
21089,26580,True
39087,26580,True
54011,26580,True
54079,26580,True
54099,26580,True
01083,26620,True
01089,26620,True
48471,26660,False
46005,26700,False
46073,26700,False
20155,26740,False
27085,26780,False
16019,26820,True
16023,26820,True
16051,26820,True
42063,26860,False
18011,26900,True
18013,26900,True
18057,26900,True
18059,26900,True
18063,26900,True
18081,26900,True
18095,26900,True
18097,26900,True
18109,26900,True
18133,26900,True
18145,26900,True
28133,26940,False
19103,26980,True
19183,26980,True
26043,27020,False
55037,27020,False
36109,27060,True
26075,27100,True
28029,27140,True
28049,27140,True
28051,27140,True
28089,27140,True
28121,27140,True
28127,27140,True
28163,27140,True
39079,27160,False
47023,27180,True
47033,27180,True
47053,27180,True
47113,27180,True
16081,27220,False
56039,27220,False
12003,27260,True
12019,27260,True
12031,27260,True
12089,27260,True
12109,27260,True
17137,27300,False
17171,27300,False
37133,27340,True
48073,27380,False
38093,27420,False
36013,27460,False
55105,27500,True
01127,27530,False
18037,27540,False
18125,27540,False
72073,27580,False
13157,27600,False
29027,27620,True
29051,27620,True
29135,27620,True
29151,27620,True
22053,27660,False
13305,27700,False
47019,27740,True
47171,27740,True
47179,27740,True
42021,27780,True
05031,27860,True
05111,27860,True
29097,27900,True
29145,27900,True
02110,27940,False
15009,27980,True
26077,28020,True
30029,28060,False
17091,28100,True
20091,28140,True
20103,28140,True
20107,28140,True
20121,28140,True
20209,28140,True
29013,28140,True
29025,28140,True
29037,28140,True
29047,28140,True
29049,28140,True
29095,28140,True
29107,28140,True
29165,28140,True
29177,28140,True
15007,28180,False
31019,28260,False
31099,28260,False
33005,28300,False
18113,28340,False
29069,28380,False
53005,28420,True
53021,28420,True
48265,28500,False
02130,28540,False
12087,28580,False
37055,28620,False
48027,28660,True
48099,28660,True
48281,28660,True
47073,28700,True
47163,28700,True
51169,28700,True
51191,28700,True
51520,28700,True
36111,28740,True
48261,28780,False
48273,28780,False
37107,28820,False
29001,28860,False
29197,28860,False
41035,28900,False
47001,28940,True
47009,28940,True
47013,28940,True
47093,28940,True
47105,28940,True
47129,28940,True
47145,28940,True
47173,28940,True
18067,29020,True
33001,29060,False
27055,29100,True
55063,29100,True
22001,29180,True
22045,29180,True
22055,29180,True
22099,29180,True
22113,29180,True
18007,29200,True
18015,29200,True
18157,29200,True
18171,29200,True
41061,29260,False
01017,29300,False
13285,29300,False
22019,29340,True
22023,29340,True
12023,29380,False
04015,29420,True
12105,29460,True
48115,29500,False
42071,29540,True
26037,29620,True
26045,29620,True
26065,29620,True
26155,29620,True
56001,29660,False
48479,29700,True
35013,29740,True
35033,29780,False
35047,29780,False
32003,29820,True
28061,29860,False
28067,29860,False
37165,29900,False
20045,29940,True
47099,29980,False
40031,30020,True
40033,30020,True
29105,30060,False
33009,30100,False
33019,30100,False
50017,30100,False
50027,30100,False
42075,30140,True
48219,30220,False
42119,30260,False
47117,30280,False
16069,30300,True
53003,30300,True
23001,30340,True
42087,30380,False
31047,30420,False
31073,30420,False
21017,30460,True
21049,30460,True
21067,30460,True
21113,30460,True
21209,30460,True
21239,30460,True
20175,30580,False
39003,30620,True
17107,30660,False
31109,30700,True
31159,30700,True
05045,30780,True
05053,30780,True
05085,30780,True
05105,30780,True
05119,30780,True
05125,30780,True
42035,30820,False
16041,30860,True
49005,30860,True
18017,30900,False
21051,30940,False
21121,30940,False
21125,30940,False
21235,30940,False
48183,30980,True
48203,30980,True
48401,30980,True
48459,30980,True
53015,31020,True
35028,31060,False
06059,31080,True
06037,31080,True
18019,31140,True
18043,31140,True
18061,31140,True
18175,31140,True
21029,31140,True
21103,31140,True
21111,31140,True
21185,31140,True
21211,31140,True
21215,31140,True
48107,31180,True
48303,31180,True
48305,31180,True
26105,31220,False
48005,31260,False
37155,31300,False
51009,31340,True
51011,31340,True
51019,31340,True
51031,31340,True
51680,31340,True
17109,31380,False
13021,31420,True
13079,31420,True
13169,31420,True
13207,31420,True
13289,31420,True
06039,31460,True
18077,31500,False
55021,31540,True
55025,31540,True
55045,31540,True
55049,31540,True
21107,31580,False
05027,31620,False
36033,31660,False
05059,31680,False
33011,31700,True
20061,31740,True
20149,31740,True
20161,31740,True
55071,31820,False
27013,31860,True
27103,31860,True
39139,31900,True
39167,31930,False
26109,31940,False
55075,31940,False
18053,31980,False
37111,32000,False
39101,32020,False
26103,32100,False
27083,32140,False
29195,32180,False
19127,32260,False
47183,32280,False
51089,32300,False
51690,32300,False
29147,32340,False
19033,32380,False
19195,32380,False
72067,32420,True
72083,32420,True
72097,32420,True
21083,32460,False
21161,32500,False
40121,32540,False
48215,32580,True
28113,32620,False
47177,32660,False
20113,32700,False
42039,32740,False
41029,32780,True
05035,32820,True
28033,32820,True
28093,32820,True
28137,32820,True
28143,32820,True
47047,32820,True
47157,32820,True
47167,32820,True
55033,32860,False
06047,32900,True
28023,32940,False
28069,32940,False
28075,32940,False
29007,33020,False
40115,33060,False
12011,33100,True
12086,33100,True
12099,33100,True
18091,33140,True
21013,33180,False
26111,33220,True
48317,33260,True
48329,33260,True
13009,33300,False
13141,33300,False
55079,33340,True
55089,33340,True
55131,33340,True
55133,33340,True
22119,33380,False
48363,33420,False
27003,33460,True
27019,33460,True
27025,33460,True
27037,33460,True
27053,33460,True
27059,33460,True
27079,33460,True
27095,33460,True
27123,33460,True
27139,33460,True
27141,33460,True
27163,33460,True
27171,33460,True
55093,33460,True
55109,33460,True
38049,33500,False
38075,33500,False
38101,33500,False
30063,33540,True
46035,33580,False
46061,33580,False
29175,33620,False
01097,33660,True
01129,33660,True
06099,33700,True
22067,33740,True
22073,33740,True
22111,33740,True
26115,33780,True
01001,33860,True
01051,33860,True
01085,33860,True
01101,33860,True
08085,33940,False
08091,33940,False
37031,33980,False
22101,34020,False
54061,34060,True
54077,34060,True
47057,34100,True
47063,34100,True
47089,34100,True
16057,34140,False
53025,34180,False
13071,34220,False
05005,34260,False
16039,34300,False
37171,34340,False
54045,34350,False
26073,34380,False
48063,34420,False
48449,34420,False
21011,34460,False
21165,34460,False
21173,34460,False
17081,34500,False
39083,34540,False
53057,34580,True
18035,34620,True
21035,34660,False
19139,34700,False
26121,34740,True
40101,34780,False
37019,34820,True
45051,34820,True
48347,34860,False
06055,34900,True
12021,34940,True
47015,34980,True
47021,34980,True
47037,34980,True
47043,34980,True
47111,34980,True
47119,34980,True
47147,34980,True
47149,34980,True
47159,34980,True
47165,34980,True
47169,34980,True
47187,34980,True
47189,34980,True
22029,35020,False
28001,35020,False
22069,35060,False
37049,35100,True
37103,35100,True
37137,35100,True
45071,35140,False
18065,35220,False
42073,35260,False
09009,35300,True
22051,35380,True
22071,35380,True
22075,35380,True
22087,35380,True
22089,35380,True
22093,35380,True
22095,35380,True
22103,35380,True
39157,35420,False
41041,35440,False
47029,35460,False
27015,35580,False
36059,35620,True
36103,35620,True
34013,35620,True
34019,35620,True
34027,35620,True
34037,35620,True
34039,35620,True
42103,35620,True
34023,35620,True
34025,35620,True
34029,35620,True
34035,35620,True
34003,35620,True
34017,35620,True
34031,35620,True
36005,35620,True
36047,35620,True
36061,35620,True
36079,35620,True
36081,35620,True
36085,35620,True
36087,35620,True
36119,35620,True
26021,35660,True
04023,35700,False
31119,35740,False
31139,35740,False
31167,35740,False
31111,35820,False
31113,35820,False
31117,35820,False
12081,35840,True
12115,35840,True
18079,35860,False
37193,35900,False
39077,35940,False
09011,35980,True
53029,36020,False
12083,36100,True
34009,36140,True
48135,36220,True
49003,36260,True
49011,36260,True
49029,36260,True
49057,36260,True
36089,36300,False
42121,36340,False
12093,36380,False
40017,36420,True
40027,36420,True
40051,36420,True
40081,36420,True
40083,36420,True
40087,36420,True
40109,36420,True
36009,36460,False
53067,36500,True
19085,36540,True
19129,36540,True
19155,36540,True
31025,36540,True
31055,36540,True
31153,36540,True
31155,36540,True
31177,36540,True
36077,36580,False
16075,36620,False
41045,36620,False
22097,36660,False
45075,36700,False
12069,36740,True
12095,36740,True
12097,36740,True
12117,36740,True
55139,36780,True
19123,36820,False
53001,36830,False
17011,36837,False
17099,36837,False
17155,36837,False
20059,36840,False
19179,36900,False
27147,36940,False
21059,36980,True
21091,36980,True
21149,36980,True
28071,37060,False
06111,37100,True
01045,37120,False
17127,37140,False
21007,37140,False
21139,37140,False
21145,37140,False
32023,37220,False
12107,37260,False
48001,37300,False
12009,37340,True
48179,37420,False
48393,37420,False
12005,37460,True
05055,37500,False
47079,37540,False
48277,37580,False
54105,37620,True
54107,37620,True
20099,37660,False
04007,37740,False
48163,37770,False
48301,37780,False
48389,37780,False
19125,37800,False
12033,37860,True
12113,37860,True
17057,37900,True
17123,37900,True
17143,37900,True
17175,37900,True
17179,37900,True
17203,37900,True
18103,37940,False
34005,37980,True
34007,37980,True
34015,37980,True
42017,37980,True
42029,37980,True
42091,37980,True
42045,37980,True
42101,37980,True
10003,37980,True
24015,37980,True
34033,37980,True
04013,38060,True
04021,38060,True
28109,38100,False
46065,38180,False
46117,38180,False
05025,38220,True
05069,38220,True
05079,38220,True
37125,38240,False
20037,38260,False
42003,38300,True
42005,38300,True
42007,38300,True
42019,38300,True
42051,38300,True
42125,38300,True
42129,38300,True
25003,38340,True
48189,38380,False
55043,38420,False
36019,38460,False
18099,38500,False
16005,38540,True
16077,38540,True
39053,38580,False
54053,38580,False
40071,38620,False
72001,38660,True
72075,38660,True
72113,38660,True
72149,38660,True
17105,38700,False
29023,38740,False
29181,38740,False
35041,38780,False
53009,38820,False
23005,38860,True
23023,38860,True
23031,38860,True
41005,38900,True
41009,38900,True
41051,38900,True
41067,38900,True
41071,38900,True
53011,38900,True
53059,38900,True
48057,38920,False
12085,38940,True
12111,38940,True
39145,39020,False
42107,39060,False
36027,39100,True
36071,39100,True
04025,39150,True
49007,39220,False
41013,39260,False
25005,39300,True
44001,39300,True
44003,39300,True
44005,39300,True
44007,39300,True
44009,39300,True
49023,39340,True
49049,39340,True
08101,39380,True
53075,39420,False
12015,39460,True
17001,39500,False
29111,39500,False
55101,39540,True
37069,39580,True
37101,39580,True
37183,39580,True
46093,39660,True
46103,39660,True
48489,39700,False
42011,39740,True
06103,39780,False
06089,39820,True
27049,39860,False
32029,39900,True
32031,39900,True
16043,39940,False
16065,39940,False
18177,39980,False
51007,40060,True
51036,40060,True
51041,40060,True
51053,40060,True
51075,40060,True
51085,40060,True
51087,40060,True
51097,40060,True
51101,40060,True
51127,40060,True
51145,40060,True
51149,40060,True
51183,40060,True
51570,40060,True
51670,40060,True
51730,40060,True
51760,40060,True
21065,40080,False
21151,40080,False
48427,40100,False
06065,40140,True
06071,40140,True
56013,40180,False
51023,40220,True
51045,40220,True
51067,40220,True
51161,40220,True
51770,40220,True
51775,40220,True
37083,40260,False
37131,40260,False
17141,40300,False
27039,40340,True
27045,40340,True
27109,40340,True
27157,40340,True
36051,40380,True
36055,40380,True
36069,40380,True
36073,40380,True
36117,40380,True
36123,40380,True
17007,40420,True
17201,40420,True
37153,40460,False
48007,40530,False
56037,40540,False
37065,40580,True
37127,40580,True
29161,40620,False
13115,40660,True
41019,40700,False
35005,40740,False
35027,40760,False
05115,40780,False
05149,40780,False
22061,40820,False
50021,40860,False
06017,40900,True
06061,40900,True
06067,40900,True
06113,40900,True
04009,40940,False
26145,40980,True
27009,41060,True
27145,41060,True
49053,41100,True
20043,41140,True
29003,41140,True
29021,41140,True
29063,41140,True
17005,41180,True
17013,41180,True
17027,41180,True
17083,41180,True
17117,41180,True
17119,41180,True
17133,41180,True
17163,41180,True
29071,41180,True
29099,41180,True
29113,41180,True
29183,41180,True
29189,41180,True
29219,41180,True
29510,41180,True
13039,41220,False
42047,41260,False
39029,41400,False
41047,41420,True
41053,41420,True
20143,41460,False
20169,41460,False
06053,41500,True
10005,41540,True
24039,41540,True
24045,41540,True
24047,41540,True
49035,41620,True
49045,41620,True
48235,41660,True
48431,41660,True
48451,41660,True
48013,41700,True
48019,41700,True
48029,41700,True
48091,41700,True
48187,41700,True
48259,41700,True
48325,41700,True
48493,41700,True
06073,41740,True
16017,41760,False
39043,41780,False
37105,41820,False
06001,41860,True
06013,41860,True
06075,41860,True
06081,41860,True
06041,41860,True
72023,41900,True
72079,41900,True
72121,41900,True
72125,41900,True
06069,41940,True
06085,41940,True
72007,41980,True
72009,41980,True
72017,41980,True
72019,41980,True
72021,41980,True
72025,41980,True
72029,41980,True
72031,41980,True
72033,41980,True
72035,41980,True
72037,41980,True
72039,41980,True
72041,41980,True
72045,41980,True
72047,41980,True
72051,41980,True
72053,41980,True
72054,41980,True
72061,41980,True
72063,41980,True
72069,41980,True
72077,41980,True
72085,41980,True
72087,41980,True
72089,41980,True
72091,41980,True
72095,41980,True
72101,41980,True
72103,41980,True
72105,41980,True
72107,41980,True
72119,41980,True
72127,41980,True
72129,41980,True
72135,41980,True
72137,41980,True
72139,41980,True
72143,41980,True
72145,41980,True
72151,41980,True
06079,42020,True
06087,42100,True
35049,42140,True
72133,42180,False
06083,42200,True
06097,42220,True
26033,42300,False
13029,42340,True
13051,42340,True
13103,42340,True
42015,42380,False
31007,42420,False
31157,42420,False
31165,42420,False
01071,42460,False
18143,42500,False
42069,42540,True
42079,42540,True
42131,42540,True
05145,42620,False
53033,42660,True
53061,42660,True
53053,42660,True
12061,42680,True
12055,42700,True
29159,42740,False
42109,42780,False
01047,42820,False
45073,42860,False
36099,42900,False
47155,42940,False
18071,42980,False
55078,43020,False
55115,43020,False
40125,43060,False
55117,43100,True
37045,43140,False
47003,43180,False
53045,43220,False
56033,43260,False
48181,43300,True
04017,43320,False
22015,43340,True
22017,43340,True
22031,43340,True
39149,43380,False
04003,43420,True
29201,43460,False
35017,43500,False
19193,43580,True
31043,43580,True
31051,43580,True
46127,43580,True
46083,43620,True
46087,43620,True
46099,43620,True
46125,43620,True
48415,43660,False
21199,43700,False
42111,43740,False
06109,43760,False
18141,43780,True
26027,43780,True
45083,43900,True
46081,43940,False
19041,43980,False
19059,44020,False
53063,44060,True
53065,44060,True
17129,44100,True
17167,44100,True
25011,44140,True
25013,44140,True
25015,44140,True
29043,44180,True
29059,44180,True
29077,44180,True
29167,44180,True
29225,44180,True
39023,44220,True
28105,44260,False
28155,44260,False
42027,44300,True
13031,44340,False
51015,44420,True
51790,44420,True
51820,44420,True
08107,44460,False
48143,44500,False
08075,44540,False
17195,44580,False
55097,44620,False
40119,44660,False
06077,44700,True
19021,44740,False
26149,44780,False
48223,44860,False
13055,44900,False
45027,44940,True
45085,44940,True
42097,44980,False
06035,45000,False
48353,45020,False
36053,45060,True
36067,45060,True
36075,45060,True
40021,45140,False
01121,45180,False
12039,45220,True
12065,45220,True
12073,45220,True
12129,45220,True
12053,45300,True
12057,45300,True
12101,45300,True
12103,45300,True
35055,45340,False
17021,45380,False
18021,45460,True
18121,45460,True
18153,45460,True
18165,45460,True
18167,45460,True
05081,45500,True
05091,45500,True
48037,45500,True
41065,45520,False
12119,45540,True
13293,45580,False
13275,45620,False
39147,45660,False
13277,45700,False
13257,45740,False
39051,45780,True
39095,45780,True
39123,45780,True
39173,45780,True
20085,45820,True
20087,45820,True
20139,45820,True
20177,45820,True
20197,45820,True
09005,45860,False
26019,45900,False
26055,45900,False
26079,45900,False
26089,45900,False
34021,45940,True
01109,45980,False
06057,46020,False
04019,46060,True
47031,46100,False
47051,46100,False
47127,46100,False
40037,46140,True
40111,46140,True
40113,46140,True
40117,46140,True
40131,46140,True
40143,46140,True
40145,46140,True
28057,46180,False
28081,46180,False
28115,46180,False
28117,46180,False
01063,46220,True
01065,46220,True
01107,46220,True
01125,46220,True
16053,46300,True
16083,46300,True
48423,46340,True
06045,46380,False
45087,46420,False
47131,46460,False
39021,46500,False
15003,46520,True
36043,46540,True
36065,46540,True
48463,46620,False
13027,46660,True
13101,46660,True
13173,46660,True
13185,46660,True
06095,46700,True
39161,46780,False
46027,46820,False
49047,46860,False
48487,46900,False
28149,46980,False
48175,47020,True
48469,47020,True
13209,47080,False
13279,47080,False
18083,47180,False
34011,47220,True
25007,47240,False
37029,47260,True
37053,47260,True
37073,47260,True
51073,47260,True
51093,47260,True
51095,47260,True
51115,47260,True
51175,47260,True
51199,47260,True
51550,47260,True
51620,47260,True
51650,47260,True
51700,47260,True
51710,47260,True
51735,47260,True
51740,47260,True
51800,47260,True
51810,47260,True
51830,47260,True
06107,47300,True
18169,47340,False
48145,47380,True
48309,47380,True
27167,47420,False
38077,47420,False
53071,47460,True
39011,47540,False
13153,47580,True
13225,47580,True
42123,47620,False
29101,47660,False
18085,47700,False
18027,47780,False
37013,47820,False
24021,47900,True
24031,47900,True
11001,47900,True
24009,47900,True
24017,47900,True
24033,47900,True
51013,47900,True
51043,47900,True
51047,47900,True
51059,47900,True
51061,47900,True
51107,47900,True
51113,47900,True
51153,47900,True
51157,47900,True
51177,47900,True
51179,47900,True
51187,47900,True
51510,47900,True
51600,47900,True
51610,47900,True
51630,47900,True
51683,47900,True
51685,47900,True
54037,47900,True
39047,47920,False
19013,47940,True
19017,47940,True
19075,47940,True
46029,47980,False
46057,47980,False
55055,48020,False
36045,48060,True
12049,48100,False
55069,48140,True
55073,48140,True
13229,48180,False
13299,48180,False
40039,48220,False
39081,48260,True
54009,48260,True
54029,48260,True
53007,48300,True
53017,48300,True
29091,48460,False
28025,48500,False
39013,48540,True
54051,48540,True
54069,48540,True
55127,48580,False
20015,48620,True
20079,48620,True
20173,48620,True
20191,48620,True
48009,48660,True
48077,48660,True
48485,48660,True
42081,48700,True
38105,48780,False
27067,48820,False
37129,48900,True
37141,48900,True
39027,48940,False
37195,48980,False
51069,49020,True
51840,49020,True
54027,49020,True
20035,49060,False
32013,49080,False
27169,49100,False
37057,49180,True
37059,49180,True
37067,49180,True
37169,49180,True
37197,49180,True
55141,49220,False
40045,49260,False
40153,49260,False
39169,49300,False
09015,49340,True
25027,49340,True
27105,49380,False
53077,49420,True
46135,49460,False
72055,49500,True
72059,49500,True
72111,49500,True
72153,49500,True
42133,49620,True
39099,49660,True
39155,49660,True
42085,49660,True
06101,49700,True
06115,49700,True
04027,49740,True
39119,49780,False
48505,49820,False
