area_fips,medhhinc2000,ln_medhhinc2000
01001,42013,10.645734373182417
01003,40250,10.60286528284671
01005,25101,10.130662964963708
01007,31420,10.355199911809612
01009,35241,10.469965456491996
01011,20605,9.933289043772918
01013,24791,10.118235963061956
01015,31768,10.366214772811087
01017,29667,10.2977905959381
01019,30874,10.337669684741787
01021,32588,10.391699401430532
01023,24749,10.116540363140167
01025,27388,10.217860240240954
01027,27885,10.235844188823654
01029,30820,10.335919108874107
01031,33664,10.424184296097382
01033,31954,10.372052647587516
01035,22111,10.003830501232155
01037,29873,10.30471034138616
01039,26336,10.178692103476797
01041,26054,10.16792658625751
01043,32256,10.38145935143104
01045,31998,10.373428679828658
01047,23370,10.059208427532903
01049,30137,10.313508931725504
01051,41243,10.62723668039297
01053,28319,10.251288236449755
01055,31170,10.347211372761382
01057,28539,10.259026851874566
01059,27177,10.210126306337397
01061,26448,10.182935820060806
01063,19819,9.894396352524348
01065,25807,10.15840105193914
01067,30353,10.320650638390102
01069,34431,10.446712600348778
01071,32020,10.374115986550706
01073,36868,10.515099245113555
01075,28059,10.24206471510266
01077,33354,10.414932984181524
01079,31549,10.359297171745961
01081,30952,10.34019289638035
01083,37405,10.529559664306506
01085,23050,10.045421048424794
01087,21180,9.960812619155398
01089,44704,10.707818262056689
01091,27025,10.204517642507408
01093,27475,10.221031779271822
01095,32167,10.378696361299577
01097,33710,10.425549808228107
01099,29093,10.278252874394655
01101,35962,10.490218104391584
01103,37803,10.540143743537802
01105,20200,9.913437883389296
01107,26254,10.175573637363353
01109,25551,10.14843173380919
01111,28675,10.263780941997572
01113,27492,10.221650332241495
01115,37285,10.526346379977895
01117,55440,10.923056633863785
01119,18911,9.847499042327273
01121,31628,10.361798083190818
01123,30745,10.33348265838757
01125,34436,10.446857807777846
01127,29076,10.277668370604527
01129,30815,10.335756863396343
01131,16646,9.71992522630604
01133,28435,10.2553760597409
02013,47875,10.776348726482947
02016,61406,11.025262829230666
02020,55546,10.924966785274414
02050,35701,10.482933978579906
02060,52167,10.862205390050178
02068,53654,10.890311302595522
02070,43079,10.670790918373239
02090,49076,10.801125395911074
02100,40772,10.615750850288304
02110,62034,11.035437900814749
02122,46397,10.744990080951696
02130,51344,10.846303363349637
02150,54636,10.908448285122782
02164,36442,10.503477234609823
02170,51221,10.843904883186518
02180,41250,10.627406391762827
02185,63173,11.053632273662666
02188,45976,10.735874800187577
02201,40636,10.612409652211436
02220,51901,10.857093336791094
02232,40879,10.61837176273886
02240,38776,10.565556777525211
02261,48734,10.794132217426698
02270,30184,10.315067261644147
02280,46434,10.745787228498514
02282,46786,10.753339291853713
02290,28666,10.263467030483161
04001,23344,10.058095270762568
04003,32105,10.376767060228149
04005,38256,10.552055689698106
04007,30917,10.33906147341461
04009,29668,10.29782430285645
04011,39384,10.581114921438036
04012,25839,10.159640257457283
04013,45358,10.722341845718807
04015,31521,10.358409269356885
04017,28569,10.260077492862155
04019,36758,10.51211116802542
04021,35856,10.487266196040709
04023,29710,10.299238968456653
04025,34901,10.460270761075149
04027,32182,10.379162569019096
05001,30316,10.31943090493192
05003,31758,10.365899941086042
05005,29106,10.278699617473272
05007,40281,10.603635172740818
05009,29988,10.308552580622953
05011,24821,10.119445348035613
05013,28438,10.255481557956319
05015,27924,10.237241813090293
05017,22024,9.999888046822443
05019,28845,10.26969194669099
05021,25345,10.14033675090645
05023,31531,10.358726467862368
05025,32405,10.386068010861816
05027,27640,10.227019277881606
05029,31209,10.348461793739006
05031,32425,10.386685009184644
05033,32871,10.400346089073503
05035,30109,10.312579409366641
05037,29362,10.287456600299405
05039,26608,10.188967201432709
05041,24121,10.090838109351523
05043,28627,10.26210560741145
05045,38204,10.550695501154628
05047,30848,10.336827197410273
05049,25529,10.147570339863993
05051,31724,10.36482877120321
05053,37182,10.523580052190162
05055,30828,10.336178646897883
05057,28622,10.261930931870822
05059,31543,10.359106973305016
05061,28699,10.264617557935098
05063,31920,10.370988051563746
05065,25670,10.153078273865185
05067,25081,10.129865866360268
05069,31327,10.352235624493908
05071,27910,10.236740326530368
05073,24831,10.119848151553505
05075,27139,10.208727086726242
05077,20510,9.928667851066427
05079,29607,10.295766098840117
05081,29417,10.289328017507993
05083,28344,10.252170646545308
05085,40314,10.604454082148205
05087,27895,10.236202740279628
05089,26737,10.193803652888551
05091,30951,10.340160587768485
05093,27479,10.221177355572257
05095,22632,10.027120112981404
05097,28421,10.25488358752045
05099,26962,10.20218374625101
05101,24756,10.116823162859252
05103,29341,10.286741134279072
05105,31083,10.34441632491986
05107,22231,10.009242990201992
05109,27695,10.229007170467204
05111,26558,10.187086299550273
05113,25180,10.133805307598339
05115,32069,10.375645110411204
05117,29990,10.308619271743055
05119,38120,10.548494357768138
05121,27583,10.224954919906036
05123,26146,10.171451494121806
05125,42569,10.658881567825121
05127,26412,10.181573731314462
05129,21397,9.97100600426695
05131,33889,10.43084575693648
05133,30144,10.31374117737609
05135,25152,10.132692695228933
05137,22209,10.008252891111209
05139,29809,10.302565640319441
05141,27004,10.20374028216176
05143,34691,10.454235566299538
05145,32203,10.379814894894523
05147,22099,10.003287637613305
05149,28916,10.272150354120187
06001,55946,10.932142218780436
06003,41875,10.642444269127367
06005,42280,10.652069439984174
06007,31924,10.371113356995899
06009,41022,10.62186378714185
06011,35062,10.46487320191382
06013,63675,11.061547299847657
06015,29642,10.29694755351686
06017,51484,10.849026358769269
06019,34725,10.455215167622544
06021,32107,10.376829353880446
06023,31226,10.349006360101466
06025,31870,10.369420407411383
06027,35006,10.463274754350781
06029,35446,10.475765690615084
06031,35749,10.484277575702958
06033,29627,10.29644138670722
06035,36310,10.499848464408382
06037,42189,10.649914802538357
06039,36286,10.499187270930108
06041,71306,11.1747357543345
06043,34626,10.452360123939021
06045,35996,10.49116310015384
06047,35532,10.478188977889591
06049,27522,10.222740963825228
06051,44992,10.714239975170337
06053,48305,10.78529035395161
06055,51738,10.853947800180379
06057,45864,10.73343577458822
06059,58820,10.982237212107986
06061,57535,10.960148737257558
06063,36351,10.500976992899632
06065,42887,10.666324028690118
06067,43816,10.687754326463557
06069,57469,10.95900095096759
06071,42066,10.646995092435022
06073,47067,10.759327397501066
06075,55221,10.919098594700833
06077,41282,10.628181848594203
06079,42428,10.65556380062536
06081,70819,11.167882605261203
06083,46677,10.751006816983072
06085,74335,11.21633718304745
06087,53998,10.896702287823487
06089,34335,10.443920521054777
06091,35827,10.486457078074604
06093,29530,10.293161974737968
06095,54099,10.898570980375382
06097,53076,10.879480127656327
06099,40101,10.599156550639583
06101,38375,10.555161484889497
06103,31206,10.348365663001127
06105,27711,10.22958472526072
06107,33983,10.433615678556617
06109,38725,10.56424066528507
06111,59666,10.996517622908005
06113,40769,10.615677267673389
06115,30460,10.324169626449153
08001,47323,10.764751714223067
08003,29447,10.290347316318723
08005,53570,10.888744488875005
08007,37901,10.542732775946709
08009,28099,10.243489267499987
08011,28125,10.244414139506722
08013,55861,10.930621741236532
08015,34368,10.444881177868536
08017,37054,10.520131587109958
08019,50997,10.839522086446879
08021,24744,10.116338314364906
08023,19531,9.879758225836891
08025,26803,10.196269100532607
08027,34731,10.455387938873837
08029,32785,10.39772637269772
08031,39500,10.584055950889214
08033,32196,10.379597500213624
08035,82929,11.325740099010073
08037,62682,11.045829604065563
08039,62480,11.042601784513568
08041,46844,10.754578211162029
08043,34150,10.438517864998936
08045,47016,10.758243248292487
08047,51942,10.857882990443828
08049,47759,10.77392280982383
08051,36916,10.516400340385468
08053,37279,10.526185444405423
08055,25775,10.15716030888516
08057,31821,10.36788172817358
08059,57339,10.956736299452707
08061,30494,10.325285221931852
08063,33152,10.408858325619155
08065,37691,10.537176618145875
08067,40159,10.600601853657185
08069,48655,10.79250985725609
08071,28273,10.249662564618726
08073,31914,10.370800063970373
08075,32724,10.39586403263359
08077,35864,10.487489285835276
08079,34844,10.458636234938783
08081,41528,10.634123177507066
08083,32083,10.37608157381756
08085,35234,10.469766804487085
08087,34568,10.450683677611769
08089,29738,10.300180968257168
08091,42019,10.645877175924472
08093,51899,10.857054801145617
08095,32177,10.379007190594631
08097,59375,10.991628541336942
08099,29935,10.306783643359452
08101,32775,10.3974213086319
08103,37711,10.537707108065746
08105,31836,10.36835300392574
08107,53612,10.889528202598388
08109,25495,10.146237633489257
08111,30764,10.334100454176944
08113,48514,10.789607695065166
08115,28278,10.249839396151787
08117,56587,10.94353455583153
08119,50165,10.823072851359713
08121,32431,10.386870034471961
08123,42321,10.653038695742612
08125,33169,10.4093709837628
09001,65249,11.085965999397002
09003,50756,10.834785116516805
09005,56273,10.937970125383274
09007,59175,10.988254434382185
09009,48834,10.796182070555096
09011,50646,10.832615533211776
09013,59044,10.986038207656888
09015,45115,10.716970064428601
10001,40950,10.620107089281216
10003,52419,10.867024400007148
10005,39208,10.576636086589383
11001,40127,10.599804703426894
12001,31426,10.355390854750077
12003,40035,10.597509350506733
12005,36092,10.493826513114392
12007,33140,10.408496290980555
12009,40099,10.599106675327851
12011,41691,10.638040557154692
12013,26575,10.187726203210149
12015,36379,10.501746964063756
12017,31001,10.34177474101152
12019,48854,10.796591537434947
12021,48289,10.784959070432006
12023,30881,10.33789638703407
12027,30714,10.332473855685638
12029,26082,10.169000700216847
12031,40703,10.614057078787942
12033,35234,10.469766804487085
12035,40214,10.601970472685592
12037,26756,10.194514026238298
12039,31248,10.34971065311646
12041,30328,10.31982665719617
12043,30774,10.334425456617323
12045,30276,10.318110598429058
12047,25638,10.15183090487208
12049,30183,10.31503413096016
12051,33592,10.42204322236403
12053,32572,10.391208302587023
12055,30160,10.314271822121892
12057,40663,10.613073867047845
12059,27923,10.23720600096072
12061,39635,10.587467845271256
12063,29744,10.300382709961225
12065,32998,10.40420223255139
12067,30651,10.330420567259534
12069,36903,10.516048127536894
12071,40319,10.604578100850384
12073,37517,10.532549442567325
12075,26959,10.202072472350189
12077,28840,10.269518591398885
12079,26533,10.186144520271382
12081,38673,10.562896961111214
12083,31944,10.371739648743057
12085,43083,10.670883766728728
12086,35966,10.490329326725142
12087,42283,10.652140393001481
12089,46022,10.736874822010519
12091,41474,10.632822003857786
12093,30456,10.324038298062334
12095,41311,10.62888408731157
12097,38214,10.55095721959942
12099,45062,10.715794598265331
12101,32969,10.403323005002216
12103,37111,10.52166870060616
12105,36036,10.492273717771331
12107,28180,10.246367785452671
12109,50099,10.821756326793912
12111,36363,10.501307053138621
12113,41881,10.642587542445344
12115,41957,10.644400563290736
12117,49326,10.806206604380188
12119,32073,10.375769833681609
12121,29963,10.307718566129479
12123,30032,10.31001875882629
12125,34563,10.450539024706163
12127,35219,10.469340988688563
12129,37149,10.522692131883208
12131,32407,10.38612972782783
12133,27922,10.237170187548593
13001,30266,10.317780249246972
13003,26470,10.183767295221147
13005,26910,10.200253243720951
13007,30338,10.320156331151617
13009,35159,10.467635909983954
13011,38523,10.559010744499384
13013,45019,10.714839901863959
13015,43660,10.684187630103935
13017,27100,10.207289006867793
13019,30044,10.310418252805903
13021,34532,10.449641709355413
13023,33448,10.417747273036401
13025,30361,10.320914169043537
13027,26911,10.200290403937228
13029,48345,10.786118082917648
13031,29499,10.292111643448266
13033,27877,10.235557255067516
13035,39879,10.593605148535708
13037,24588,10.1100137980269
13039,41056,10.622692267415363
13043,25022,10.127510716877346
13045,38799,10.566149752083353
13047,39998,10.596584731846031
13049,27869,10.235270238956767
13051,37752,10.538793733406223
13053,37106,10.521533960586822
13055,30664,10.33084460706039
13057,60896,11.016922770095876
13059,28403,10.254250052373257
13061,21448,9.973386679915794
13063,42697,10.661883939137294
13065,26755,10.194476650745406
13067,58289,10.973168675291133
13069,30710,10.332343613434867
13071,28539,10.259026851874566
13073,55682,10.92741221390344
13075,27582,10.224918665034282
13077,52706,10.872484580041217
13079,37848,10.541333417310984
13081,26547,10.18667202593546
13083,35259,10.470476094800963
13085,47486,10.768190209737188
13087,28820,10.268824869553512
13089,49117,10.80196048603731
13091,27607,10.225824642736724
13093,27980,10.239245248219472
13095,30934,10.339611181598086
13097,50108,10.821935954964083
13099,25629,10.151479801819729
13101,25851,10.160104563907877
13103,46505,10.747315112676567
13105,28724,10.265488289230207
13107,24383,10.101641447146731
13109,25447,10.144353136837955
13111,30612,10.329147367929812
13113,71227,11.173627238999952
13115,35615,10.480522176412455
13117,68890,11.140266308587242
13119,32134,10.37766993860328
13121,47321,10.76470945058247
13123,35140,10.467095361741087
13125,29743,10.300349089170124
13127,38765,10.565273056653059
13129,38831,10.566974175677647
13131,28656,10.263118124300494
13133,33479,10.41867365557908
13135,60537,11.011010027333993
13137,36321,10.50015136537585
13139,44908,10.71237123157867
13141,22003,9.99893408668014
13143,31656,10.36268298306526
13145,47763,10.774006560164114
13147,32833,10.399189386156271
13149,33038,10.405413693115086
13151,57309,10.956212958431761
13153,43638,10.683683609382596
13155,30257,10.317482841647667
13157,40349,10.605321890243529
13159,39890,10.593880944899452
13161,27310,10.215008214467751
13163,26120,10.170456583390367
13165,24025,10.086850233838494
13167,23848,10.079455635357908
13169,43301,10.675931008412125
13171,37087,10.521021782876922
13173,29171,10.280930344070526
13175,32010,10.37380363296391
13177,48600,10.791378809888585
13179,33477,10.418613914853811
13181,31952,10.371990055655596
13183,30640,10.330061623854528
13185,32132,10.377607697293703
13187,39167,10.575589834500324
13189,31920,10.370988051563746
13191,30102,10.312346893712308
13193,24224,10.095099156237175
13195,36347,10.500866948606694
13197,29145,10.28003865047965
13199,31870,10.369420407411383
13201,27335,10.2159232113291
13205,26581,10.187951953831922
13207,44195,10.696366939495048
13209,30240,10.31692083029347
13211,40249,10.602840437817578
13213,36996,10.51856507767415
13215,34798,10.45731519284666
13217,44875,10.71163612579058
13219,55211,10.918917487774808
13221,35578,10.479482748285214
13223,52161,10.862090368195899
13225,34453,10.447351355378917
13227,41387,10.630722100840213
13229,29895,10.305446521315005
13231,44370,10.700318844372955
13233,32328,10.38368900675831
13235,31895,10.370204536676056
13237,36956,10.517483294790635
13239,25875,10.16103253056767
13241,33899,10.431140794408378
13243,22004,9.99897953399535
13245,33086,10.406865511166961
13247,53599,10.889285690168437
13249,32035,10.374584334073122
13251,29312,10.285752267473857
13253,27094,10.207067580140682
13255,36221,10.497394340112052
13257,29466,10.2909923352673
13259,24789,10.118155285369294
13261,30904,10.338640904346118
13263,26611,10.189079943122826
13265,23750,10.075337809462788
13267,28664,10.26339725898479
13269,25148,10.132533649502951
13271,26097,10.16957564417565
13273,26969,10.202443337211285
13275,31115,10.345445297003318
13277,32616,10.392558244499089
13279,26811,10.196567530049501
13281,31950,10.371927459805681
13283,24644,10.112288742134462
13285,35469,10.476414354531222
13287,25676,10.153311982431669
13289,31608,10.361165532091226
13291,31893,10.370141828956715
13293,31201,10.348205424565993
13295,32406,10.386098869820946
13297,46479,10.746755876664402
13299,28360,10.252734980646064
13301,27366,10.217056645939756
13303,29910,10.305948151623994
13305,32766,10.39714667138021
13307,27992,10.239674034047525
13309,24053,10.088015007879244
13311,36084,10.49360483277653
13313,39377,10.580937168488774
13315,27483,10.221322910683318
13317,27644,10.227163985211284
13319,32723,10.395833473555248
13321,32384,10.385419752647138
15001,39805,10.591747811522678
15003,51914,10.857343782296425
15005,9333,9.141311785565748
15007,45020,10.714862114460724
15009,49489,10.809505701639543
16001,46140,10.739435531727745
16003,28423,10.254953955545249
16005,36683,10.510068711466475
16007,32162,10.37854091041397
16009,31517,10.35828236177716
16011,36423,10.502955722212086
16013,50496,10.829649404205545
16015,38651,10.562327926902078
16017,32803,10.398275253604346
16019,41805,10.640771228584159
16021,31250,10.349774655164548
16023,30473,10.324596324632314
16025,34167,10.43901554494246
16027,35884,10.488046792679175
16029,37609,10.534998662437673
16031,33322,10.413973118489015
16033,31576,10.360152617342683
16035,32071,10.375707473990893
16037,32174,10.378913951950253
16039,35256,10.470391006521822
16041,36061,10.49296722793131
16043,33424,10.417029483796346
16045,34460,10.44755451008192
16047,31888,10.369985042452576
16049,29515,10.29265388767479
16051,37737,10.538396324506982
16053,34696,10.454379685515201
16055,37754,10.538846709328679
16057,32524,10.389733557327729
16059,30185,10.315100391230526
16061,31413,10.354977098955573
16063,32484,10.3885029394023
16065,32607,10.392282268231297
16067,32021,10.374147216543994
16069,36282,10.499077029501269
16071,34309,10.443162989406174
16073,28339,10.25199422680701
16075,33046,10.405655809210936
16077,32226,10.380528859133515
16079,28535,10.25888668297081
16081,41968,10.644662702106656
16083,34506,10.448888500941809
16085,36927,10.516698269778406
16087,30625,10.329571947847029
17001,34784,10.456912789920937
17003,26042,10.167465898288674
17005,37680,10.5368847286903
17007,52397,10.866604616761784
17009,35445,10.475737478289117
17011,40233,10.60244283337905
17013,34375,10.445084834968872
17015,37148,10.522665212895898
17017,35243,10.470022206960202
17019,37780,10.5395351410555
17021,36561,10.506737377491612
17023,35967,10.490357130375763
17025,30599,10.328722607667915
17027,44618,10.705892644032595
17029,32286,10.382388978717474
17031,45922,10.734699584051969
17033,32531,10.389948759849503
17035,36149,10.495404564687007
17037,45828,10.732650537013516
17039,41256,10.627551835730795
17041,39439,10.582510453425556
17043,67887,11.125599837189851
17045,35203,10.468886585227278
17047,31816,10.367724586887526
17049,39379,10.580987958269882
17051,31873,10.369514535394131
17053,38073,10.547260648478273
17055,28411,10.254531673102404
17057,33952,10.43270304141371
17059,26118,10.170380010780352
17061,31754,10.365773980637456
17063,51719,10.853580497818749
17065,30496,10.325350806453928
17067,36654,10.509277841877822
17069,27693,10.22893495265826
17071,36405,10.502461406828811
17073,39854,10.59297805559253
17075,38071,10.547208116433715
17077,24946,10.124468767685654
17079,34721,10.45509997020284
17081,33555,10.42094116259234
17083,42065,10.646971319984914
17085,40411,10.606857304116247
17087,33326,10.41409315209857
17089,59351,10.99122424909553
17091,41532,10.634219493423345
17093,64625,11.07635661181073
17095,35407,10.474664819686861
17097,66973,11.112044832078169
17099,40308,10.604305239400293
17101,30361,10.320914169043537
17103,40967,10.620522143549415
17105,41342,10.629634211359182
17107,39389,10.581241868488592
17109,32141,10.377887752684266
17111,64826,11.079462036435203
17113,47021,10.758349589413635
17115,37859,10.541624011313584
17117,36190,10.496538116557788
17119,41541,10.634436170322823
17121,35227,10.469568113011716
17123,41576,10.635278356688278
17125,35985,10.490857463941905
17127,31498,10.357679330734525
17129,46596,10.749269979519667
17131,40893,10.618714178238953
17133,55320,10.920889785778694
17135,33123,10.407983184107247
17137,36933,10.516860739315725
17139,40084,10.59873253117822
17141,45448,10.724324094236962
17143,39978,10.596084581790592
17145,33281,10.412741942560633
17147,45752,10.730990785595152
17149,31127,10.345830888730728
17151,30048,10.31055138200799
17153,25361,10.14096783995039
17155,45492,10.725291765304336
17157,37013,10.51902448126828
17159,31185,10.347692488960224
17161,38608,10.561214787864813
17163,39148,10.57510461454571
17165,28768,10.267018937271347
17167,42957,10.667954894342117
17169,35233,10.469738422407529
17171,36566,10.50687412588845
17173,37313,10.527097070380183
17175,35826,10.486429165775048
17177,40366,10.605743125460064
17179,45250,10.719957949128073
17181,30994,10.34154891634728
17183,34071,10.436201861559756
17185,34473,10.447931687925744
17187,36224,10.497477161562855
17189,40932,10.619667432206645
17191,30481,10.32485881766135
17193,29601,10.295563423525277
17195,40354,10.605445801374623
17197,62238,11.038721024659884
17199,31991,10.373209892223665
17201,43886,10.689350641595816
17203,51394,10.847276713112093
18001,40625,10.612138919632038
18003,42671,10.661274811576522
18005,44184,10.696118011581023
18007,39813,10.59194877110536
18009,34760,10.456222579379329
18011,49632,10.812391065976266
18013,43708,10.685286430690637
18015,42677,10.661415412410987
18017,39193,10.576253438404207
18019,40111,10.599405889891859
18021,36865,10.515017870423751
18023,40759,10.615431953178978
18025,32646,10.39347761571398
18027,34064,10.43599638713326
18029,48899,10.79751222535611
18031,40401,10.606609816118151
18033,44909,10.712393499078143
18035,34659,10.453312711151128
18037,44169,10.695778464533518
18039,44478,10.702749963884775
18041,38840,10.567205922405261
18043,44022,10.69244478794205
18045,38119,10.548468124475464
18047,43530,10.681205634546343
18049,38290,10.55294404447134
18051,37515,10.53249613197983
18053,36162,10.4957641227111
18055,33998,10.434056978338715
18057,71026,11.170801286172727
18059,56416,10.940508085197596
18061,43423,10.678744533629564
18063,55208,10.918863149300437
18065,38150,10.549281036712603
18067,43487,10.68021732183733
18069,41620,10.636336099947625
18071,39401,10.5815464756746
18073,43369,10.677500179150627
18075,35700,10.48290596776773
18077,38189,10.550302795011584
18079,39402,10.581571855419028
18081,52693,10.872237898382645
18083,31362,10.353352247940977
18085,43939,10.690557587372846
18087,42848,10.6654142484909
18089,41829,10.64134515786313
18091,41430,10.631760535071448
18093,36280,10.499021904229073
18095,38925,10.5693919967022
18097,40421,10.607104730879188
18099,42581,10.659163423376018
18101,36411,10.50262620577447
18103,39184,10.57602377919195
18105,33311,10.413642951751815
18107,41297,10.628545137085586
18109,47739,10.773503952878293
18111,40944,10.61996055839957
18113,42700,10.661954199216716
18115,41348,10.629779331688376
18117,31564,10.359772509640926
18119,36529,10.505861744654162
18121,35724,10.483578010803777
18123,36246,10.498084309366796
18125,34759,10.456193810265846
18127,53100,10.87993220723003
18129,44209,10.696683667247571
18131,35422,10.475088375016577
18133,38882,10.568286697580586
18135,34544,10.449989152754588
18137,41426,10.631663982015468
18139,38152,10.54933345997806
18141,40420,10.607079990957612
18143,34656,10.453226149800717
18145,43649,10.683935651497876
18147,42451,10.65610574858806
18149,37243,10.525219286685545
18151,44089,10.693965597214751
18153,32976,10.40353530313024
18155,37092,10.521156591920116
18157,38652,10.5623537991192
18159,48546,10.790267081035894
18161,36672,10.509768800074411
18163,36823,10.513877928925865
18165,34837,10.45843531933701
18167,33184,10.409823111029255
18169,40413,10.606906794366678
18171,41825,10.641249525855025
18173,48814,10.795772435943437
18175,36630,10.50862285577286
18177,34885,10.459812216373336
18179,43934,10.69044378677413
18181,40707,10.614155346814062
18183,45503,10.72553353683142
19001,35179,10.46820459264593
19003,30453,10.32393979045254
19005,33967,10.433144744037243
19007,28612,10.261581489228275
19009,32215,10.380187461572742
19011,42427,10.655540231006599
19013,37266,10.525836661787357
19015,40763,10.615530086198365
19017,40826,10.61707441233353
19019,38036,10.546288358659336
19021,35300,10.471638242921388
19023,35883,10.488018924717574
19025,33286,10.412892167146671
19027,37275,10.52607813963294
19029,32922,10.40189640628703
19031,42198,10.650128105536073
19033,35867,10.487572931678823
19035,35142,10.467152275317837
19037,37649,10.536061672450339
19039,34474,10.447960695714336
19041,35799,10.485675239037766
19043,34068,10.436113806260972
19045,37423,10.530040767646089
19047,33922,10.431819050431784
19049,48528,10.789896229928363
19051,32864,10.400133112728284
19053,27343,10.216215833592425
19055,37168,10.52320345501019
19057,36790,10.51298134809882
19059,39020,10.571829614177101
19061,39582,10.586129748450926
19063,33305,10.41346281484728
19065,32453,10.387548167781963
19067,35237,10.469851945892822
19069,36042,10.492440204078216
19071,38345,10.55437942019896
19073,33883,10.430668692661685
19075,39396,10.581419567289593
19077,36495,10.504930543885733
19079,38658,10.562509018366697
19081,37703,10.53749494586695
19083,35429,10.475285972792834
19085,38141,10.549045098003141
19087,39087,10.57354520987104
19089,34641,10.452793230619966
19091,38201,10.5506169722625
19093,34805,10.457516333602767
19095,41222,10.626727373403243
19097,34529,10.449554829640324
19099,41683,10.6378486508044
19101,33851,10.42972382000155
19103,40060,10.59813360921981
19105,37449,10.53073528631916
19107,34025,10.434850827519666
19109,34562,10.450510091613937
19111,36193,10.496621008949695
19113,46206,10.740864938767306
19115,39086,10.573519625590022
19117,30876,10.337734462069745
19119,36878,10.51537044626511
19121,41845,10.641727594466975
19123,37314,10.527123870331945
19125,42401,10.65492722584759
19127,38268,10.552369316798059
19129,42428,10.65556380062536
19131,34843,10.458607535181294
19133,33235,10.411358816475682
19135,34877,10.459582865149603
19137,33214,10.4107267527667
19139,41803,10.640723386272409
19141,35758,10.484529299311765
19143,34274,10.442142328220795
19145,35466,10.476329770052425
19147,32409,10.386191440985094
19149,41638,10.636768490835719
19151,33362,10.415172806714
19153,46116,10.738915240352844
19155,40089,10.59885726144917
19157,37836,10.541016309333061
19159,29110,10.278837036739668
19161,32874,10.40043735076647
19163,42701,10.661977618146238
19165,37442,10.530548347968214
19167,40536,10.609945747155745
19169,40442,10.607624127895676
19171,37419,10.52993387579382
19173,31297,10.351277525289294
19175,31905,10.370518016302448
19177,31094,10.344770153509685
19179,32188,10.379348991266024
19181,50349,10.826734036976289
19183,39103,10.573954469372852
19185,29380,10.288069449727868
19187,35334,10.472600952172625
19189,38381,10.555317824459362
19191,38908,10.568955163989331
19193,38509,10.558647259190574
19195,36444,10.50353211483375
19197,36197,10.496731521451535
20001,31481,10.357139468227567
20003,33244,10.411629578672917
20005,34355,10.444502847465177
20007,33407,10.416520737844118
20009,32176,10.378976112012433
20011,31199,10.348141322001869
20013,31971,10.372584520889065
20015,45474,10.724896013040084
20017,32656,10.393783885049626
20019,28717,10.265244560881653
20021,30505,10.325645883585953
20023,30599,10.328722607667915
20025,33857,10.429901051643771
20027,33965,10.433085861625402
20029,31758,10.365899941086042
20031,37839,10.541095595755303
20033,29415,10.289260027298557
20035,34406,10.445986246756984
20037,29409,10.289056028929835
20039,30257,10.317482841647667
20041,35975,10.490579531755568
20043,32537,10.390133182300385
20045,37547,10.53334876052526
20047,30530,10.326465085728923
20049,27267,10.21343245878688
20051,32339,10.384029211193527
20053,35772,10.484920743466072
20055,38474,10.557737967466126
20057,37860,10.541650424763313
20059,39052,10.572649370345562
20061,31917,10.370894062184476
20063,33510,10.419599180731357
20065,31286,10.350925992121715
20067,39854,10.59297805559253
20069,40000,10.596634733096073
20071,34605,10.451753459275963
20073,30169,10.314570186094999
20075,32033,10.37452190040887
20077,29776,10.301457978882032
20079,40907,10.619056476530803
20081,38634,10.561887996766238
20083,35994,10.491107536881149
20085,40451,10.60784664405992
20087,45535,10.726236540001919
20089,30538,10.326727088743457
20091,61455,11.02606047864908
20093,40149,10.600352812464484
20095,37790,10.539799796343535
20097,31576,10.360152617342683
20099,30875,10.337702073930279
20101,36047,10.492578921497184
20103,48114,10.781328474035083
20105,30893,10.338284900005577
20107,35906,10.488659691430774
20109,32131,10.377576575186112
20111,32819,10.398762894953803
20113,41138,10.624687547538109
20115,34500,10.448714603019452
20117,32089,10.376268571262472
20119,36761,10.51219277958166
20121,46665,10.750749697999847
20123,33385,10.41586197629197
20125,30997,10.34164570459081
20127,32163,10.378572002524349
20129,37232,10.524923885542073
20131,34296,10.442784008277814
20133,32167,10.378696361299577
20135,32340,10.384060133131097
20137,31050,10.343354087361625
20139,37928,10.543444904581953
20141,29145,10.28003865047965
20143,38009,10.545578252771122
20145,35175,10.46809088198259
20147,35013,10.463474700080463
20149,40176,10.601025081397367
20151,35529,10.478104543389605
20153,32105,10.376767060228149
20155,35510,10.477569625937134
20157,30494,10.325285221931852
20159,35671,10.482093312723077
20161,32042,10.374802821206659
20163,30457,10.324071131775993
20165,31268,10.35035048934022
20167,29284,10.284796570766533
20169,37308,10.526963059846754
20171,40534,10.609896407079258
20173,42485,10.656906351437641
20175,36752,10.51194792492888
20177,40988,10.621034619919609
20179,33547,10.420702719623787
20181,32684,10.394640940504598
20183,28486,10.257168017494532
20185,31107,10.345188153226388
20187,40172,10.60092551451323
20189,41830,10.641369064436244
20191,39415,10.581901733494009
20193,37034,10.519591688597762
20195,29677,10.298127614005459
20197,41710,10.638496187190992
20199,33000,10.404262840448617
20201,29363,10.28749065734496
20203,33462,10.418165745617609
20205,29747,10.300483565552913
20207,25335,10.13994211791001
20209,33784,10.42774259661378
21001,24055,10.088098154133554
21003,31238,10.349390581417667
21005,45433,10.723993992232447
21007,32130,10.377545452109905
21009,31240,10.349454603953623
21011,26018,10.166543885161504
21013,19057,9.855189767128376
21015,53593,10.889173741515435
21017,35038,10.464188465795766
21019,32749,10.39662770624607
21021,35241,10.469965456491996
21023,34823,10.458033366991662
21025,19155,9.860319057134749
21027,30554,10.327250888925668
21029,45106,10.716770554336053
21031,29405,10.288920006894056
21033,28686,10.264164477854159
21035,30134,10.313409381361234
21037,41903,10.643112702392486
21039,30087,10.311848463756318
21041,35925,10.489188710947225
21043,26427,10.182141493777905
21045,21580,9.979522238812125
21047,31177,10.347435922459987
21049,39946,10.595283821025117
21051,16271,9.69713966113932
21053,19563,9.881395306061313
21055,29060,10.277117937124274
21057,21572,9.979151456457117
21059,36813,10.513606322644657
21061,25413,10.14301613309966
21063,21014,9.95294416124872
21065,23318,10.056980873493236
21067,39813,10.59194877110536
21069,27990,10.2396025825095
21071,21168,9.960245886354738
21073,40011,10.596909695290504
21075,24382,10.101600434125091
21077,36422,10.502928266655765
21079,34284,10.442434052018774
21081,38438,10.55680183259435
21083,30874,10.337669684741787
21085,27639,10.226983097777042
21087,25463,10.144981697062931
21089,32142,10.377918865109015
21091,36914,10.516346161867236
21093,37744,10.538581801647457
21095,18665,9.834405391348684
21097,36210,10.497090602759688
21099,25378,10.14163793595686
21101,35892,10.488269708417949
21103,37263,10.525756156212303
21105,31615,10.361386970492713
21107,30868,10.337475327577494
21109,20177,9.912298620814678
21111,39457,10.582966750330653
21113,40096,10.599031857695795
21115,24911,10.123064751970729
21117,43906,10.689806263983868
21119,20373,9.921965773781901
21121,18294,9.81432841621631
21123,32056,10.375239652315981
21125,27015,10.204147546278167
21127,21610,9.980911449500931
21129,18544,9.827901565579532
21131,18546,9.82800941136017
21133,21110,9.957502140842367
21135,22208,10.00820786330653
21137,26542,10.186483662997194
21139,31776,10.366466566844899
21141,32474,10.38819504814706
21143,31694,10.363882667502754
21145,33865,10.430137311649004
21147,19348,9.870344333942874
21149,29675,10.298060219477868
21151,32861,10.400041823264546
21153,19421,9.874110233825451
21155,30387,10.321770164354907
21157,35573,10.479342202122597
21159,18279,9.813508138916603
21161,30195,10.315431626742
21163,36966,10.517753850242626
21165,22064,10.001702600033083
21167,35555,10.478836072317618
21169,23540,10.066456380814268
21171,22356,10.01485002038959
21173,31746,10.365522012132187
21175,21869,9.992825387888324
21177,28566,10.259972478422574
21179,39010,10.571573302500703
21181,29886,10.305145422301338
21183,29557,10.294075881413862
21185,63229,11.054518335650037
21187,33310,10.413612931187725
21189,15805,9.668081624649718
21191,38125,10.548625513909712
21193,22089,10.002835026036827
21195,23930,10.082888180902419
21197,25515,10.147021793498071
21199,27370,10.217202802034725
21201,30581,10.328134180060221
21203,23475,10.063691304076464
21205,28055,10.241922148185072
21207,22042,10.000705003251488
21209,47081,10.759624801590439
21211,45534,10.726214578631968
21213,36432,10.50320278830352
21215,47042,10.75879609867549
21217,28089,10.243133319606999
21219,29718,10.299508201816293
21221,33002,10.40432344467275
21223,36192,10.496593378915847
21225,35018,10.463617493986263
21227,36151,10.4954598897216
21229,33136,10.408375583635365
21231,20863,9.945732534129874
21233,31529,10.358663036209952
21235,22075,10.00220102547216
21237,19310,9.86837837542256
21239,49491,10.809546113844034
22001,26684,10.191819413829405
22003,27777,10.231963619116156
22005,44288,10.698469038977342
22007,31168,10.347147206442262
22009,23851,10.079581424158677
22011,32582,10.391515267626115
22013,23663,10.071667925775051
22015,39203,10.576508553462482
22017,31467,10.356694656629713
22019,35372,10.473675825695626
22021,26972,10.202554569854472
22023,34232,10.440916158096654
22025,22528,10.022514258957768
22027,25344,10.140297294614152
22029,22742,10.031968714184668
22031,28252,10.248919530528813
22033,37224,10.524708993524484
22035,20723,9.938999473537487
22037,31631,10.361892931354786
22039,20532,9.929739923680193
22041,22964,10.041683051287528
22043,29622,10.296272607486918
22045,31204,10.348301570708204
22047,29039,10.276395033084118
22049,28352,10.252452853404808
22051,38435,10.556723781783232
22053,27736,10.230486487364859
22055,36518,10.505560568696678
22057,34910,10.460528600099082
22059,28189,10.246687109906768
22061,26977,10.202739930102645
22063,38887,10.568415283521176
22065,20509,9.928619093173733
22067,25124,10.131578843574271
22069,25722,10.155101935826032
22071,27133,10.208505978234776
22073,32047,10.374958854223562
22075,38173,10.54988373840662
22077,30618,10.329343350292026
22079,29856,10.304141103647071
22081,23153,10.049879640751199
22083,23668,10.071879203796584
22085,26655,10.19073202925686
22087,35939,10.489578335799088
22089,45139,10.717501896825297
22091,24970,10.12543038327382
22093,35277,10.470986472491525
22095,39456,10.582941405964071
22097,22855,10.036925190765844
22099,30701,10.332050506334692
22101,28072,10.24252791726305
22103,47883,10.776515814350669
22105,29412,10.289158033316113
22107,19799,9.8933867103567
22109,35235,10.469795185761123
22111,29061,10.277152348094495
22113,29500,10.292145542327912
22115,31216,10.348686062862892
22117,24264,10.096749049368418
22119,28408,10.254426074622923
22121,37117,10.521830364668592
22123,24637,10.112004656988175
22125,39667,10.588274886751593
22127,25462,10.144942423621591
23001,35793,10.48550762254391
23003,28837,10.2694145637968
23005,44048,10.693035227382389
23007,31459,10.356440389711647
23009,35811,10.486010387763148
23011,36498,10.505012743548761
23013,36774,10.512546352713787
23015,38686,10.563233056462042
23017,33435,10.417358534488079
23019,34274,10.442142328220795
23021,28250,10.248848736574587
23023,41908,10.643232018472856
23025,30731,10.333027196085467
23027,33986,10.433703954094051
23029,25869,10.160800619620435
23031,43630,10.683500266117655
24001,30821,10.335951554811068
24003,61768,11.031140709988652
24005,50667,10.83303009008603
24009,65945,11.096576340259984
24011,38832,10.566999927966382
24013,60021,11.002449779968526
24015,50510,10.829926615462098
24017,62199,11.038094201427613
24019,34077,10.436377948899532
24021,60276,11.006689293538045
24023,32238,10.380901159956876
24025,57234,10.954903406373264
24027,74167,11.214074586292245
24029,39869,10.59335435854593
24031,71551,11.178165761127321
24033,55256,10.919732210768808
24035,57037,10.951455459034623
24037,54706,10.909728671608544
24039,29903,10.305714088793774
24041,43532,10.681251578815953
24043,40617,10.611941977163221
24045,39035,10.572213958554391
24047,40650,10.612754114975957
24510,30078,10.311549286491559
25001,45933,10.734939091973205
25003,39047,10.572521327732806
25005,43496,10.680424258825756
25007,45559,10.726763468242096
25009,51576,10.850811726990456
25011,40768,10.615652738931836
25013,39718,10.58955976442411
25015,46098,10.73852484409569
25017,60821,11.01569040305607
25019,55522,10.924534617586627
25021,63432,11.057723744952234
25023,55615,10.92620822802613
25025,39355,10.58037831057655
25027,47874,10.776327838536336
26001,31362,10.353352247940977
26003,35892,10.488269708417949
26005,45813,10.73232317262129
26007,34177,10.439308182191418
26009,38107,10.548153271273168
26011,32805,10.398336221778978
26013,33673,10.424451608275042
26015,46820,10.754065741044903
26017,38646,10.562198555774946
26019,37350,10.528088190560963
26021,38567,10.560152267518658
26023,38760,10.565144066004702
26025,38918,10.569212147518101
26027,41264,10.627745728121125
26029,39788,10.591320638272304
26031,33417,10.4168200315133
26033,34464,10.447670579956116
26035,28845,10.26969194669099
26037,52806,10.874380099601867
26039,33364,10.415232753361503
26041,35511,10.477597786622002
26043,34825,10.458090798648007
26045,49588,10.811504147958038
26047,40222,10.602169388594548
26049,41951,10.6442575495135
26051,32019,10.374084755582075
26053,27405,10.218480757480217
26055,43169,10.672877924046807
26057,37262,10.525729319580298
26059,40396,10.606486049146447
26061,28817,10.268720769756413
26063,35315,10.472063081843023
26065,40774,10.615799902357084
26067,43074,10.670674845804538
26069,31321,10.35204407807524
26071,28560,10.25976241645352
26073,34262,10.441792147290403
26075,43171,10.672924252515658
26077,42022,10.645948569648995
26079,36072,10.49327222010092
26081,45980,10.735961798317172
26083,28140,10.24494733066838
26085,26622,10.189493220606964
26087,51717,10.853541826563088
26089,47062,10.759221160315827
26091,45739,10.73070660463555
26093,67400,11.118400296900399
26095,32031,10.374459462846412
26097,33356,10.414992945206876
26099,52102,10.8609586147206
26101,34208,10.440214813824772
26103,35548,10.478639174858365
26105,34704,10.454610233066656
26107,33849,10.429664735806556
26109,32888,10.400863128577715
26111,45674,10.729284487191537
26113,35224,10.46948294743559
26115,51743,10.854044436277903
26117,37218,10.524547794201172
26119,30005,10.309119313423613
26121,38008,10.545551942866757
26123,37130,10.522180547171125
26125,61907,11.033388537900962
26127,35307,10.471836523545772
26129,30474,10.3246291400293
26131,29552,10.29390670243902
26133,34102,10.437111312578097
26135,28228,10.248069672120721
26137,40876,10.6182983727321
26139,52347,10.86564990806634
26141,31656,10.36268298306526
26143,30029,10.309918860389617
26145,38637,10.56196564556078
26147,46313,10.743177978201487
26149,40355,10.605470581758473
26151,36870,10.51515349122819
26153,31140,10.346248445387989
26155,42553,10.658505636804035
26157,40174,10.600975299194493
26159,39365,10.580632375618567
26161,51990,10.858806671377762
26163,40776,10.615848952019878
26165,35363,10.473421354781692
27001,31139,10.34621633183446
27003,57754,10.963947890054659
27005,34797,10.457286455149985
27007,33392,10.416071629316981
27009,41968,10.644662702106656
27011,30721,10.332701738815134
27013,38940,10.56977727892619
27015,39800,10.59162219127253
27017,40021,10.597159595331789
27019,65540,11.090415922252806
27021,34332,10.44383314283811
27023,35582,10.47959517099472
27025,52012,10.85922974017121
27027,37889,10.542416111476454
27029,30517,10.326039184367792
27031,36640,10.508895818788067
27033,31943,10.371708343469681
27035,37589,10.534466733384463
27037,61863,11.032677541668376
27039,47437,10.767157793897985
27041,37703,10.53749494586695
27043,34440,10.446973958541667
27045,36651,10.50919599207217
27047,36964,10.517699745007931
27049,46972,10.757306958484971
27051,33775,10.4274761628284
27053,51711,10.853425803822502
27055,40680,10.613491850162497
27057,35321,10.472232966887885
27059,50127,10.822315064062254
27061,36234,10.497753183535956
27063,36746,10.51178465517968
27065,38520,10.558932865912062
27067,39772,10.590918426099964
27069,32515,10.389456800303252
27071,36262,10.498525639985754
27073,32626,10.392864795496248
27075,40402,10.606634567674407
27077,32861,10.400041823264546
27079,45933,10.734939091973205
27081,31607,10.361133894030637
27083,38996,10.571214355749163
27085,45953,10.73537441400955
27087,30053,10.31071776859096
27089,34804,10.457487601685916
27091,34810,10.457659980805484
27093,40908,10.619080921925903
27095,36977,10.518051376717915
27097,37047,10.519942655785933
27099,36654,10.509277841877822
27101,34966,10.462131439757595
27103,46170,10.740085515501034
27105,35684,10.482457688033675
27107,32535,10.390071711929085
27109,51316,10.84575787336923
27111,35395,10.47432584620829
27113,34216,10.440448649906745
27115,37379,10.528864328377763
27117,31909,10.370643380642726
27119,35105,10.466098849451349
27121,35633,10.481027453764323
27123,45722,10.730334861483916
27125,32052,10.375114862897961
27127,37352,10.528141736650772
27129,37652,10.53614135266711
27131,48651,10.792427642387484
27133,38102,10.54802205317538
27135,39852,10.592927871164747
27137,36306,10.499738295850376
27139,66612,11.106640020478162
27141,57014,10.951052130693586
27143,41458,10.632436145559456
27145,42426,10.655516660832296
27147,46106,10.738698372359542
27149,37267,10.525863495538852
27151,34820,10.45794721332218
27153,32281,10.382234100838373
27155,30617,10.329310689232171
27157,42117,10.648206738640061
27159,30651,10.330420567259534
27161,42440,10.655846592727919
27163,66305,11.1020205881117
27165,35441,10.475624621025222
27167,38093,10.547785817200792
27169,38700,10.563594879017874
27171,53945,10.89572028798544
27173,34393,10.445608334282829
28001,25234,10.135947570487687
28003,29041,10.27646390360756
28005,26033,10.167120242980383
28007,24794,10.118356967398093
28009,24149,10.091998250355894
28011,23428,10.061687167209673
28013,27113,10.207768596643277
28015,28878,10.270835338531164
28017,26364,10.17975472217261
28019,27020,10.20433261151419
28021,22615,10.026368681911944
28023,26610,10.189042363971735
28025,27372,10.217275872072388
28027,22338,10.014044543100772
28029,26358,10.179527113203834
28031,26669,10.191257121160007
28033,48206,10.783238773619335
28035,27420,10.219027953116305
28037,24885,10.122020491292654
28039,34730,10.45535914573812
28041,28336,10.251888360022615
28043,27385,10.217750697217822
28045,35202,10.468858178153916
28047,35624,10.480774847001538
28049,33991,10.43385106267516
28051,17235,9.754697478950966
28053,20566,9.931394505789136
28055,19936,9.90028242158718
28057,31156,10.34676212203984
28059,39118,10.574337998097462
28061,24441,10.10401732897875
28063,18447,9.82265703462158
28065,21834,9.991223666840215
28067,28786,10.267644436822616
28069,23998,10.085725772524334
28071,28517,10.258255679654631
28073,37628,10.535503733091842
28075,30768,10.334230467828561
28077,28495,10.2574839122691
28079,27055,10.205627110076836
28081,36165,10.495847079283381
28083,21518,9.976645073153854
28085,27279,10.213872454394023
28087,32123,10.377327563450146
28089,46970,10.757264379021041
28091,24555,10.108670778473344
28093,28756,10.266601720103763
28095,30307,10.319133987918043
28097,25270,10.13737320038224
28099,28300,10.25061708363133
28101,28735,10.265871170941843
28103,22330,10.013686344834204
28105,24899,10.122582921003769
28107,26785,10.19559730831506
28109,30912,10.338899737012245
28111,27189,10.210567758722892
28113,24562,10.10895581217033
28115,32055,10.375208456421358
28117,28446,10.255762832130173
28119,20636,9.93479240236454
28121,44946,10.713217048175938
28123,26686,10.191894362302365
28125,22285,10.011669085380657
28127,28343,10.252135365087474
28129,30840,10.336567827677266
28131,30495,10.325318014730557
28133,24970,10.12543038327382
28135,22229,10.00915302169091
28137,35836,10.486708253717469
28139,29300,10.285342795005159
28141,28315,10.251146978547906
28143,23270,10.054920256296338
28145,32682,10.39457974661173
28147,22945,10.040855326828934
28149,35056,10.464702061835247
28151,25757,10.156461713809012
28153,25918,10.16269298699536
28155,28834,10.26931052537185
28157,18929,9.84845041660622
28159,28256,10.249061103403687
28161,26315,10.17789439778788
28163,24795,10.118397298923234
29001,26677,10.191557049929173
29003,40688,10.613688487661902
29005,30959,10.340419027440413
29007,32057,10.37527084723745
29009,28906,10.271804465008787
29011,29275,10.284489188465917
29013,30731,10.333027196085467
29015,26646,10.190394324520158
29017,30462,10.32423528417545
29019,37485,10.531696131937162
29021,34704,10.454610233066656
29023,27228,10.212001134567842
29025,31240,10.349454603953623
29027,39110,10.57413346774956
29029,35840,10.486819867088867
29031,36458,10.503916192092866
29033,30643,10.33015953028869
29035,22863,10.037275162334227
29037,49562,10.810979690053934
29039,26694,10.192194100034097
29041,32285,10.382358005060567
29043,38085,10.547575782806888
29045,29457,10.2906868518374
29047,48347,10.786159451386606
29049,41629,10.636552318761908
29051,42924,10.667186389047018
29053,35313,10.47200644708059
29055,30860,10.337216125917152
29057,29097,10.278390355061653
29059,27346,10.216325544869028
29061,30855,10.337054090755167
29063,31654,10.362619801893228
29065,27193,10.210714866221961
29067,25918,10.16269298699536
29069,24878,10.12173915776991
29071,43474,10.679918337232811
29073,35047,10.464445296788119
29075,28750,10.266393046225497
29077,34157,10.438722822031876
29079,27333,10.215850042381968
29081,28707,10.264896274447372
29083,30949,10.34009596741305
29085,25346,10.14037620564201
29087,29461,10.290822633771823
29089,31614,10.36135533943734
29091,25628,10.151440782758913
29093,26080,10.16892401604059
29095,39277,10.578394384806286
29097,31323,10.352107930958221
29099,46338,10.74371763779732
29101,35391,10.474212829509952
29103,27124,10.208174223803733
29105,29562,10.294245031772018
29107,38235,10.551506605478325
29109,31239,10.349422593198005
29111,30651,10.330420567259534
29113,42592,10.659421721194839
29115,28242,10.248565510629197
29117,32290,10.382512863752321
29119,27010,10.203962446786662
29121,30195,10.315431626742
29123,25601,10.150386692204734
29125,31925,10.37114468090074
29127,31774,10.366403624279968
29129,29640,10.296880079410023
29131,30977,10.341000272613067
29133,23012,10.043771097983184
29135,37168,10.52320345501019
29137,30871,10.337572510881479
29139,32772,10.397329771261706
29141,30659,10.330681536107859
29143,26826,10.197126845462035
29145,35041,10.464274083455889
29147,31781,10.366623905926678
29149,22359,10.014984203549803
29151,39565,10.585700168043294
29153,25861,10.16049132133844
29155,21911,9.99474407280768
29157,36632,10.508677454336931
29159,31822,10.367913153467802
29161,29378,10.28800137389136
29163,32373,10.385080021031843
29165,55849,10.930406899234095
29167,29656,10.297419744830568
29169,34247,10.441354248613159
29171,26282,10.176639573203584
29173,37094,10.521210510449233
29175,31464,10.356599314111646
29177,41886,10.642706921198457
29179,25867,10.160723304018108
29181,22761,10.032803824006184
29183,57258,10.955322649645309
29185,25321,10.139389369949
29186,39200,10.576432025778553
29187,31199,10.348141322001869
29189,50532,10.830362077949928
29195,32743,10.396444477759635
29197,27385,10.217750697217822
29199,27409,10.218626705595922
29201,31352,10.353033339879467
29203,20878,9.946451251968243
29205,29448,10.290381275058857
29207,26987,10.203110547555557
29209,32637,10.393201893089193
29211,26107,10.169958756585515
29213,30898,10.338446735871996
29215,24545,10.108263446492153
29217,30021,10.309652415758565
29219,41016,10.621717513463537
29221,27112,10.207731713286888
29223,24007,10.086100733470296
29225,31929,10.371269966709153
29227,27471,10.220886181775843
29229,24691,10.114194083746655
29510,27156,10.209353295421538
30001,28962,10.273739904888547
30003,27684,10.228609907961754
30005,25247,10.136462615763627
30007,32689,10.394793908855744
30009,32139,10.377825524930667
30011,26313,10.177818392619491
30013,32971,10.403383666209391
30015,29150,10.280210191778638
30017,30000,10.308952660644293
30019,27306,10.214861737244696
30021,31393,10.354340217107467
30023,26305,10.177514314164908
30025,29944,10.307084249584264
30027,30409,10.32249389621096
30029,34466,10.447728609841523
30031,38120,10.548494357768138
30033,25917,10.162654403026995
30035,27921,10.23713437285382
30037,27308,10.214934978538171
30039,27813,10.233258816275091
30041,30781,10.334652895494106
30043,41506,10.633593274081605
30045,29241,10.28332711300532
30047,28740,10.266045159633016
30049,37360,10.528355892342779
30051,30284,10.318374799223196
30053,26754,10.194439273855531
30055,29718,10.299508201816293
30057,30233,10.316689322016014
30059,29375,10.28789925144646
30061,27143,10.208874465231354
30063,34454,10.447380380006315
30065,25527,10.147491994517667
30067,31739,10.36530148759794
30069,24107,10.09025753373598
30071,28702,10.264722085730877
30073,30464,10.324300937591092
30075,28398,10.254073999134302
30077,30625,10.329571947847029
30079,25451,10.144510313937575
30081,31992,10.373241150526654
30083,32110,10.37692278708356
30085,24834,10.119968960976788
30087,35898,10.488436862618087
30089,26852,10.198095585058642
30091,29518,10.292755525741722
30093,30402,10.322263674703965
30095,39205,10.576559568665022
30097,32422,10.386592483701518
30099,30197,10.315497860680296
30101,30169,10.314570186094999
30103,29830,10.303269877508795
30105,30979,10.341064834560278
30107,24492,10.106101812597846
30109,28224,10.247927958806518
30111,36727,10.511267458374771
31001,37160,10.522988192927775
31003,30114,10.312745458882988
31005,27375,10.217385467118802
31007,31339,10.352618607296279
31009,25278,10.137689731207072
31011,31444,10.355963464913646
31013,39366,10.580657778572933
31015,26075,10.168732279868973
31017,28356,10.252593926974908
31019,36782,10.512763874058926
31021,33954,10.43276194637058
31023,36331,10.50042665029748
31025,46515,10.74753012020266
31027,33435,10.417358534488079
31029,32351,10.384400211352366
31031,29268,10.284250048003921
31033,33438,10.417448256797591
31035,34259,10.441704582894031
31037,35849,10.487070951635932
31039,33186,10.409883379222734
31041,30677,10.331268467127707
31043,38834,10.567051430554399
31045,29476,10.29133165188689
31047,36132,10.494934178269734
31049,32981,10.403686917060819
31051,34201,10.440010162389305
31053,37188,10.523741407575748
31055,43209,10.67380408586716
31057,27010,10.203962446786662
31059,35162,10.467721233002734
31061,29304,10.28547930445865
31063,33038,10.405413693115086
31065,30498,10.325416386674958
31067,34908,10.460471308283202
31069,26458,10.183313849022326
31071,27407,10.218553734200675
31073,36827,10.51398655078612
31075,34821,10.457975932036732
31077,28375,10.253263754783704
31079,36972,10.517916148384668
31081,40277,10.603535865409372
31083,30679,10.331333660425859
31085,26667,10.191182124909785
31087,28287,10.250157614133787
31089,30738,10.333254953167257
31091,27868,10.23523435615001
31093,33305,10.41346281484728
31095,32629,10.392956742473556
31097,32460,10.387763841068582
31099,39247,10.577630287168375
31101,32325,10.383596203640058
31103,24911,10.123064751970729
31105,30586,10.32829766690807
31107,27564,10.224265852477098
31109,41850,10.641847075917621
31111,36568,10.50692882001158
31113,33125,10.408043563288523
31115,26250,10.17542126801977
31117,25750,10.156189906091882
31119,35807,10.485898684001407
31121,34961,10.461988433479375
31123,30235,10.316755472707314
31125,31267,10.350318507250188
31127,32588,10.391699401430532
31129,28958,10.273601783341366
31131,37302,10.526802223497393
31133,29000,10.275051108968611
31135,34205,10.440127111195098
31137,37319,10.52725785931825
31139,32239,10.38093217876979
31141,39359,10.580479944339373
31143,37819,10.54056690082639
31145,32293,10.382605767457697
31147,29884,10.305078499095693
31149,25795,10.15793595367875
31151,35914,10.488882470601844
31153,53804,10.893103092828472
31155,42173,10.649535484831526
31157,32016,10.373991056823515
31159,42700,10.661954199216716
31161,29484,10.291603022309179
31163,28646,10.262769096339811
31165,29851,10.303973619097128
31167,36676,10.509877869169792
31169,30740,10.333320017092587
31171,27292,10.214348897935315
31173,28170,10.246012860870419
31175,27926,10.23731343350214
31177,48500,10.789319076925574
31179,32366,10.38486376807683
31181,30026,10.30981895197225
31183,26771,10.195074491065121
31185,37093,10.521183551548075
32001,40808,10.616633419602762
32003,44616,10.70584781806939
32005,51849,10.856090927068603
32007,48383,10.7869037913362
32009,33203,10.410395512268014
32011,41417,10.631446703548116
32013,47147,10.761025659314114
32015,46067,10.737852137511432
32017,31979,10.372834716355579
32019,40699,10.613958801104268
32021,32891,10.40095434309913
32023,36024,10.491940661981408
32027,40670,10.61324599890127
32029,45490,10.72524780056405
32031,45815,10.732366827399314
32033,36688,10.510205005097685
32510,41809,10.640866906341545
33001,43605,10.682927101661086
33003,39990,10.596384701840863
33005,42382,10.654479022780512
33007,33593,10.42207299091356
33009,41962,10.644519725816647
33011,53384,10.885266354583443
33013,48522,10.789772582323877
33015,58150,10.97078115794681
33017,44803,10.710030380446783
33019,40938,10.619814006043478
34001,43933,10.690421025100237
34003,65241,11.085843384637098
34005,58608,10.978626485018596
34007,48097,10.78097508408639
34009,41591,10.635639076689303
34011,39150,10.575155701418948
34013,44944,10.713172549344025
34015,54273,10.90178214468937
34017,40293,10.603933035577185
34019,79888,11.28838093274039
34021,56613,10.943993919797204
34023,61446,11.025914019303492
34025,64271,11.070863797603241
34027,77340,11.255966565161287
34029,46443,10.745981033208576
34031,49210,10.803852133860024
34033,45573,10.727070714875772
34035,76933,11.250690192182953
34037,65266,11.086226505853672
34039,55339,10.921233183065615
34041,56100,10.934891091510787
35001,38788,10.565866199424438
35003,23892,10.081298953852196
35005,28513,10.258115402607235
35006,27774,10.231855610259325
35007,30744,10.33345013224468
35009,28917,10.272184936452078
35011,25441,10.144117324857612
35013,29808,10.30253209284137
35015,31998,10.373428679828658
35017,29134,10.279661156008894
35019,24783,10.117913213230615
35021,26111,10.170111960461874
35023,24819,10.119364767858293
35025,29799,10.302230114883466
35027,33886,10.430757228718052
35028,78993,11.277114519928338
35029,20784,9.94193873891038
35031,25005,10.126831083853004
35033,24518,10.10716282065494
35035,30861,10.33724852979914
35037,24894,10.122382089560922
35039,29429,10.28973586171716
35041,26586,10.188140040427545
35043,44949,10.713283792711254
35045,33762,10.427091188661334
35047,26524,10.185805262488758
35049,42207,10.650341363045323
35051,24152,10.092122471386675
35053,23439,10.062156580664855
35055,26762,10.194738249864933
35057,30446,10.3237099016192
35059,28080,10.242812858139747
35061,34099,10.43702333732841
36001,42935,10.667442623106584
36003,32106,10.376798207539359
36005,27611,10.225969523029635
36007,35347,10.472968802094007
36009,33404,10.41643093227312
36011,37487,10.531749485189057
36013,33458,10.418046199891226
36015,36415,10.502736056652015
36017,33679,10.42462977670407
36019,37028,10.519429662187102
36021,41915,10.643399037071958
36023,34364,10.444764783757947
36025,32461,10.38779464774131
36027,53086,10.879668518983348
36029,38567,10.560152267518658
36031,34823,10.458033366991662
36033,31517,10.35828236177716
36035,33663,10.424154590332975
36037,40542,10.61009375278023
36039,36493,10.504875740356372
36041,32287,10.382419951415045
36043,32924,10.401957154092534
36045,34006,10.43429225861743
36047,32135,10.377701057805387
36049,34361,10.444677479283538
36051,42066,10.646995092435022
36053,40184,10.601224185429881
36055,44891,10.711992608204175
36057,32128,10.377483203051401
36059,72030,11.184837977883408
36061,47030,10.758540974939093
36063,38136,10.54891399688466
36065,35909,10.488743239436115
36067,40847,10.617588658178859
36069,44579,10.705018175104598
36071,52058,10.860113760599686
36073,37972,10.54460432500169
36075,36598,10.507748873087632
36077,33444,10.417627677269948
36079,72279,11.188288909524681
36081,42439,10.655823029773595
36083,42905,10.666743648241221
36085,55039,10.915797303837524
36087,67971,11.126836422605564
36089,32356,10.384554754137843
36091,49460,10.808919541075408
36093,41739,10.639191222509986
36095,36585,10.50739359931813
36097,36010,10.49155195664292
36099,37140,10.522449834906697
36101,35479,10.476696251133417
36103,65288,11.086563531149078
36105,36998,10.518619136111335
36107,40266,10.603262719386294
36109,37272,10.525997653496633
36111,42551,10.65845863548799
36113,39198,10.576381004068805
36115,37668,10.536566206629955
36117,44157,10.695506743860696
36119,63582,11.060085690402891
36121,39895,10.59400628174238
36123,34640,10.45276436267637
37001,39168,10.575615365871998
37003,38684,10.563181356836854
37005,29244,10.283429703413207
37007,29849,10.303906617422061
37009,28824,10.26896365242793
37011,30627,10.329637251837125
37013,31066,10.343869252547853
37015,25177,10.133686158324014
37017,26877,10.199026181265689
37019,35888,10.48815825675999
37021,36666,10.50960517412297
37023,35629,10.4809151919697
37025,46140,10.739435531727745
37027,35739,10.483997808467471
37029,39493,10.583878719994873
37031,38344,10.554353340839468
37033,35018,10.463617493986263
37035,40536,10.609945747155745
37037,42851,10.665484260976488
37039,27992,10.239674034047525
37041,30928,10.339417201448112
37043,31397,10.3544676259307
37045,35283,10.471156540519146
37047,26805,10.196343716261637
37049,35966,10.490329326725142
37051,37466,10.531189134021004
37053,40822,10.616976430753988
37055,42411,10.655163041535141
37057,38640,10.562043288326453
37059,40174,10.600975299194493
37061,29890,10.305279255277984
37063,43337,10.676762052574546
37065,30983,10.34119394595131
37067,42097,10.647731758224072
37069,38968,10.570496075486378
37071,39482,10.583600150825614
37073,35647,10.481420270828858
37075,26645,10.190356794730883
37077,39965,10.595759350060119
37079,32074,10.375801012068754
37081,42618,10.660031978225865
37083,26459,10.183351644059842
37085,35105,10.466098849451349
37087,33922,10.431819050431784
37089,38109,10.54820575369157
37091,26422,10.181952275438299
37093,33230,10.41120836134864
37095,28444,10.25569252100341
37097,41920,10.643518318994923
37099,32552,10.390594089681526
37101,40872,10.618200511010635
37103,30882,10.33792876888081
37105,38900,10.568749529606537
37107,31191,10.34788487064608
37109,41421,10.631543277584262
37111,32396,10.38579023736888
37113,32139,10.377825524930667
37115,30985,10.341258495396207
37117,28793,10.267887581025693
37119,50579,10.831291749368175
37121,30508,10.32574422328413
37123,32903,10.401319118006661
37125,41240,10.627163938130897
37127,37147,10.522638293183938
37129,40172,10.60092551451323
37131,26652,10.190619473682428
37133,33756,10.426913458277857
37135,42372,10.654243045716386
37137,34084,10.436583344947847
37139,30444,10.323644209387282
37141,35902,10.488548283231015
37143,29538,10.293432848986255
37145,37159,10.522961281909057
37147,32868,10.400254819051078
37149,36259,10.498442905329538
37151,38348,10.554457654196888
37153,28830,10.269171790632448
37155,28202,10.247148176397175
37157,33784,10.42774259661378
37159,37494,10.531936199157137
37161,31122,10.345670243579455
37163,31793,10.367001418750867
37165,31010,10.342065012094494
37167,36898,10.51591262801771
37169,38808,10.566381689925052
37171,33046,10.405655809210936
37173,28608,10.26144167797324
37175,38587,10.560670711162487
37177,25684,10.153623508913938
37179,50638,10.832457561567356
37181,31301,10.351405324899678
37183,54988,10.91487025859131
37185,28351,10.252417581902414
37187,28865,10.270385067495035
37189,32611,10.39240493375324
37191,33942,10.43240846457121
37193,34258,10.441675393057931
37195,33116,10.407771828258696
37197,36660,10.509441521393695
37199,29674,10.298026520510739
38001,29079,10.277771543160718
38003,31166,10.347083036005559
38005,26688,10.191969305158473
38007,32667,10.394120673014172
38009,29853,10.304040616283272
38011,31906,10.370549358860943
38013,25330,10.13974474299572
38015,41309,10.628835672884062
38017,38147,10.549202396661185
38019,31868,10.369357650500257
38021,29231,10.28298506894671
38023,30089,10.311914935439406
38025,30015,10.309452535685944
38027,28642,10.262629451038649
38029,26119,10.17041829781828
38031,32019,10.374084755582075
38033,29967,10.307852055200259
38035,35785,10.485284090172698
38037,23165,10.05039779785075
38039,29572,10.294583246676991
38041,29209,10.282232159944682
38043,25389,10.142071288338215
38045,29707,10.299137987255902
38047,27986,10.239459664115659
38049,27274,10.21368914641778
38051,26389,10.180702535638066
38053,29342,10.28677521569959
38055,32337,10.383967364449738
38057,42269,10.651809235840728
38059,37028,10.519429662187102
38061,27098,10.207215203406376
38063,28892,10.271320019170737
38065,36650,10.509168707314798
38067,36430,10.503147890002609
38069,26524,10.185805262488758
38071,35600,10.480100916840122
38073,37672,10.536672391923391
38075,30746,10.333515183472544
38077,36098,10.493992741124194
38079,26232,10.174735318524483
38081,37213,10.524413441579078
38083,24450,10.104385494903019
38085,22483,10.020514747061002
38087,24667,10.113221596940404
38089,32526,10.389795048488393
38091,35757,10.484501333150819
38093,33848,10.429635192399903
38095,32740,10.396352850925126
38097,37445,10.530628468683467
38099,33845,10.429546556942707
38101,33670,10.42436251215512
38103,31894,10.370173183307918
38105,31491,10.357457069703907
39001,29315,10.285854609398315
39003,37048,10.519969648160588
39005,39179,10.575896167946674
39007,35607,10.480297526724614
39009,27322,10.215447517447432
39011,43367,10.677454062198027
39013,29714,10.299373594197299
39015,38303,10.553283501082905
39017,47885,10.77655758195572
39019,35509,10.477541464459218
39021,43139,10.67218273933141
39023,40340,10.605098811508203
39025,49386,10.8074222622007
39027,40467,10.608242106137789
39029,34226,10.440740868137397
39031,34701,10.454523783963511
39033,36227,10.497559976154832
39035,39168,10.575615365871998
39037,39307,10.579157899044741
39039,44938,10.713039040966176
39041,67258,11.116291249496818
39043,42746,10.663030902735755
39045,47962,10.778164309689819
39047,36735,10.511485258054378
39049,42734,10.662750135302934
39051,44074,10.693625318409701
39053,30191,10.315299145703156
39055,60200,11.005427631296913
39057,48656,10.792530409917147
39059,30110,10.312612621475779
39061,40964,10.620448911195329
39063,43856,10.688666818542567
39065,34440,10.446973958541667
39067,30318,10.319496874519963
39069,42657,10.660946666064484
39071,35313,10.47200644708059
39073,34261,10.441762960010218
39075,36944,10.517158531594276
39077,40558,10.610488327384608
39079,30661,10.330746767679962
39081,30853,10.336989269338149
39083,38877,10.568158095103524
39085,48763,10.794727107543425
39087,29127,10.279420858038254
39089,44124,10.694759131089272
39091,41479,10.632942554049004
39093,45042,10.715350666801058
39095,38004,10.545446696326641
39097,44212,10.696751524430846
39099,35248,10.470164069042124
39101,38709,10.563827410119956
39103,55811,10.929726261557809
39105,27287,10.21416567728217
39107,42742,10.662937322350137
39109,44109,10.694419122245767
39111,30467,10.324399409633317
39113,40156,10.600527147811418
39115,28868,10.270488994192164
39117,40882,10.618445147359923
39119,35185,10.468375134400649
39121,32940,10.402443003731632
39123,44224,10.697022907127343
39125,40327,10.604776498787697
39127,34383,10.44531753516481
39129,42832,10.665040765760134
39131,31649,10.362461831496553
39133,44347,10.699800341706831
39135,42093,10.647636735062106
39137,46426,10.745614926107391
39139,37397,10.529345766281573
39141,37117,10.521830364668592
39143,40584,10.611129179246525
39145,28008,10.240245462634501
39147,38037,10.546314649196058
39149,44507,10.70340175915424
39151,39824,10.592225024607373
39153,42304,10.652636923211357
39155,38298,10.553152954484112
39157,35489,10.476978068292311
39159,51743,10.854044436277903
39161,39497,10.583979998637826
39163,29465,10.290958397272014
39165,57952,10.96737036068314
39167,34275,10.442171504430515
39169,41538,10.63436394990608
39171,40735,10.614842952744743
39173,44442,10.701940247241344
39175,38839,10.567180175420875
40001,24881,10.121859738971446
40003,30259,10.31754893986965
40005,24752,10.116661572812847
40007,36715,10.510940669885711
40009,27402,10.218371282413054
40011,28356,10.252593926974908
40013,27888,10.235951767759802
40015,27347,10.216362112619931
40017,45439,10.724126046110621
40019,29405,10.288920006894056
40021,26536,10.186257580626888
40023,22743,10.032012684724414
40025,30625,10.329571947847029
40027,41846,10.641751491899196
40029,23705,10.073441275336219
40031,33867,10.430196367929657
40033,27210,10.211339831777291
40035,30997,10.34164570459081
40037,33168,10.409340834675561
40039,28524,10.258501117148194
40041,27996,10.23981692180943
40043,28172,10.246083855865301
40045,27951,10.238208256118535
40047,33006,10.404444642103513
40049,28070,10.242456669355928
40051,32625,10.392834144624995
40053,28977,10.274257690847406
40055,25793,10.15785841626691
40057,22365,10.015252515866948
40059,33705,10.42540147328754
40061,24553,10.108589325349573
40063,22621,10.026633957357836
40065,30737,10.33322241961703
40067,23674,10.072132678513839
40069,24592,10.110176465778377
40071,30762,10.334035441011755
40073,36676,10.509877869169792
40075,26053,10.16788820369854
40077,23962,10.084224521199845
40079,27278,10.21383579548682
40081,31187,10.347756620301231
40083,36784,10.512818247002963
40085,32558,10.390778393168455
40087,37275,10.52607813963294
40089,24162,10.092536430079509
40091,25964,10.16446624215336
40093,30949,10.34009596741305
40095,26437,10.18251982308024
40097,31125,10.345766633767008
40099,30294,10.318704952086971
40101,28438,10.255481557956319
40103,33968,10.433174183943038
40105,29470,10.29112807573174
40107,24324,10.09921879624
40109,35063,10.46490172241293
40111,27652,10.227453337065155
40113,34477,10.448047714031748
40115,27507,10.22219579671801
40117,31661,10.362840918533156
40119,28733,10.265801566988308
40121,28679,10.263920426602184
40123,26955,10.20192408788577
40125,31573,10.360057603961561
40127,22127,10.004553861270931
40129,30078,10.311549286491559
40131,44471,10.702592570321846
40133,25568,10.149096848566002
40135,27615,10.226114382335288
40137,30709,10.332311050221527
40139,35872,10.487712325871886
40141,24828,10.119727327533543
40143,38213,10.550931050837072
40145,41744,10.63931100737651
40147,35816,10.486149999920801
40149,29563,10.294278858410499
40151,28927,10.272530694010324
40153,33581,10.42171570981886
41001,30367,10.321111771468102
41003,41897,10.642969504301549
41005,52080,10.860536276882451
41007,36301,10.499600568082863
41009,45797,10.731973865773508
41011,31542,10.359075270047503
41013,35186,10.468403555198991
41015,30117,10.312845075359636
41017,41847,10.641775388760346
41019,33223,10.4109976861338
41021,33611,10.422608673326225
41023,32560,10.390839820116476
41025,30957,10.340354423783824
41027,38326,10.55388379602844
41029,36461,10.503998475174141
41031,35853,10.48718252453499
41033,31229,10.349102429271342
41035,31537,10.35891673868174
41037,29506,10.292348911477513
41039,36942,10.517104394139265
41041,32769,10.397238225511654
41043,37518,10.532576096795353
41045,30241,10.316953898529778
41047,40314,10.604454082148205
41049,37521,10.532656055217016
41051,41278,10.62808494936932
41053,42311,10.652802378509259
41055,35142,10.467152275317837
41057,34269,10.441996434402057
41059,36249,10.498167073695418
41061,33738,10.426380077520257
41063,32129,10.37751432806502
41065,35959,10.490134679522582
41067,52122,10.861342403487976
41069,28750,10.266393046225497
41071,44111,10.694464463438248
42001,42704,10.662047871644305
42003,38329,10.55396206880912
42005,31557,10.359550713407383
42007,36995,10.518538047359652
42009,32731,10.396077920037964
42011,44714,10.708041930670204
42013,32861,10.400041823264546
42015,35038,10.464188465795766
42017,59727,10.997539458447907
42019,42308,10.652731472447943
42021,30179,10.314901597246703
42023,32212,10.380094332915435
42025,35113,10.466326711254153
42027,36165,10.495847079283381
42029,65295,11.086670742654508
42031,30770,10.334295468316087
42033,31357,10.353192806623015
42035,31064,10.343804871411503
42037,34094,10.43687669471087
42039,33560,10.421090160581143
42041,46707,10.751649325357784
42043,41507,10.633617366693608
42045,50092,10.821616593683924
42047,37550,10.53342865719228
42049,36627,10.508540952336965
42051,27451,10.22015787614662
42053,27581,10.224882408848067
42055,40476,10.60846448484965
42057,34882,10.459726215828614
42059,30352,10.320617692174796
42061,33313,10.413702990176423
42063,30233,10.316689322016014
42065,31722,10.364765725463505
42067,34698,10.454437327386273
42069,34438,10.446915884846131
42071,45507,10.725621439259783
42073,33152,10.408858325619155
42075,40838,10.61736829948298
42077,43449,10.679343115468965
42079,33771,10.427357725022913
42081,34016,10.434586281141675
42083,33040,10.405474227634915
42085,34666,10.453514658501255
42087,32175,10.378945032464328
42089,46257,10.741968082839463
42091,60829,11.01582192792268
42093,38075,10.547313177763362
42095,45234,10.719604295439757
42097,31314,10.351820560871468
42099,41909,10.643255879980666
42101,30746,10.333515183472544
42103,44608,10.705668494120196
42105,32253,10.381366341153338
42107,32699,10.39509977537798
42109,35981,10.490746300336754
42111,30911,10.338867386592495
42113,30279,10.31820968190697
42115,33622,10.422935893593005
42117,32020,10.374115986550706
42119,40336,10.6049996494277
42121,32257,10.381490352934616
42123,36083,10.493577119278669
42125,37607,10.534945482263229
42127,34082,10.436524664667338
42129,37106,10.521533960586822
42131,36365,10.501362052588641
42133,45268,10.720355660085833
44001,50737,10.834410706454594
44003,47617,10.770945119316325
44005,50448,10.828698381784841
44007,36950,10.517320926376348
44009,53103,10.879988702809266
45001,32635,10.393140611069319
45003,37889,10.542416111476454
45005,20898,9.947408739594056
45007,36807,10.513443323459292
45009,24007,10.086100733470296
45011,28591,10.260847261969445
45013,46992,10.757732653438401
45015,39908,10.594332084033399
45017,32736,10.396230668751352
45019,37810,10.54032889688498
45021,33787,10.427831392103027
45023,32425,10.386685009184644
45025,29483,10.291569105033412
45027,27131,10.208432264538738
45029,29733,10.300012819074817
45031,31087,10.344545004347415
45033,26630,10.189793678807979
45035,43316,10.67627736074827
45037,35146,10.467266092754791
45039,30376,10.321408101911638
45041,35144,10.467209185655616
45043,35312,10.471978128496518
45045,41149,10.62495490447336
45047,34702,10.454552601161618
45049,28771,10.267123214370452
45051,36470,10.504245283802726
45053,30727,10.332897025887751
45055,38804,10.566278613081174
45057,34688,10.454149084799319
45059,33933,10.432143271199491
45061,26907,10.200141754786113
45063,44659,10.706811133741756
45065,31577,10.36018428646371
45067,26526,10.185880663054299
45069,26598,10.188591303973109
45071,32867,10.400224393859018
45073,36666,10.50960517412297
45075,29567,10.294414153523169
45077,36214,10.497201063380588
45079,39961,10.595659257474393
45081,35774,10.484976651553191
45083,37579,10.534200662714523
45085,33278,10.412651796975453
45087,31441,10.355868052653099
45089,24214,10.094686257267686
45091,44539,10.704120488830531
46003,29783,10.301693039915031
46005,30510,10.325809777710715
46007,25313,10.139073376740225
46009,30644,10.330192163636712
46011,35438,10.475539969718014
46013,35017,10.463588936836263
46015,32370,10.38498734692029
46017,12692,9.448727152703086
46019,29040,10.276429468938732
46021,28793,10.267887581025693
46023,26060,10.168156850678836
46025,30208,10.315862068945227
46027,27535,10.223213201696582
46029,36257,10.498387745089026
46031,20654,9.935664284231349
46033,36303,10.499655661466162
46035,33476,10.418584043152764
46037,30227,10.316490843682582
46039,31788,10.36684413906007
46041,23272,10.055006200175038
46043,28478,10.25688713834094
46045,32205,10.379876998980992
46047,29631,10.296576389576238
46049,30237,10.316821619022988
46051,33088,10.4069259578681
46053,22732,10.031528902417012
46055,29894,10.30541307034576
46057,33851,10.42972382000155
46059,32377,10.385203573155552
46061,33049,10.405746587635992
46063,25000,10.126631103850338
46065,42970,10.66825747676904
46067,30026,10.30981895197225
46069,31103,10.345059556537576
46071,23945,10.08351481277671
46073,30690,10.331692147613781
46075,30288,10.318506873449104
46077,31262,10.350158581455416
46079,34087,10.436671358912786
46081,31755,10.365805472237076
46083,48338,10.785973279797922
46085,28509,10.257975105879424
46087,35396,10.474354098387241
46089,22380,10.015922981865916
46091,30567,10.327676274642394
46093,36992,10.51845695203205
46095,23219,10.052726188002366
46097,29519,10.292789402801873
46099,42566,10.658811091522749
46101,35467,10.476357965673646
46103,37485,10.531696131937162
46105,27750,10.23099111917458
46107,30086,10.31181522625777
46109,28322,10.251394166783005
46111,33375,10.415562395702551
46113,20916,9.94826969530802
46115,31717,10.36460809372245
46117,41170,10.62546511476395
46119,32500,10.388995368317829
46121,20035,9.905236023070245
46123,28333,10.251782482029256
46125,36059,10.492911764814268
46127,44790,10.709740179201345
46129,27834,10.234013573979798
46135,35374,10.473732365994739
46137,18063,9.801620926132557
47001,35483,10.476808987527663
47003,36729,10.511321912742025
47005,28679,10.263920426602184
47007,28982,10.274430226605869
47009,37862,10.541703249569855
47011,35034,10.464074297511592
47013,25285,10.137966613514083
47015,32809,10.398458146978019
47017,30463,10.324268111422066
47019,27371,10.21723933772096
47021,45836,10.732825087546338
47023,34349,10.444328185145217
47025,25782,10.15743185300305
47027,23958,10.084057576291276
47029,25553,10.14851000556878
47031,34898,10.460184799958176
47033,30015,10.309452535685944
47035,30901,10.33854382482173
47037,39797,10.591546811547127
47039,28741,10.266079953738897
47041,30359,10.32084829289068
47043,39056,10.572751792632742
47045,32788,10.39781787377292
47047,40279,10.603585520307838
47049,23238,10.053544148742807
47051,36044,10.492495693354927
47053,31105,10.34512385694912
47055,34824,10.458062083232134
47057,27997,10.239852640559992
47059,30382,10.321605606767609
47061,22959,10.04146529547803
47063,32350,10.384369299929046
47065,38930,10.569520440604501
47067,19760,9.89141497130186
47069,29111,10.278871388605838
47071,27819,10.233474519468336
47073,31300,10.351373376528244
47075,27671,10.228140212351999
47077,32057,10.37527084723745
47079,30169,10.314570186094999
47081,31013,10.342161750401328
47083,29968,10.30788542468387
47085,35786,10.485312034451807
47087,26502,10.184975480824582
47089,32824,10.398915234122022
47091,23067,10.04615830370029
47093,37454,10.530868792320454
47095,21995,9.99857043378282
47097,29751,10.300618023854234
47099,30498,10.325416386674958
47101,30444,10.323644209387282
47103,33434,10.417328625262575
47105,40401,10.606609816118151
47107,31919,10.3709567227522
47109,30154,10.314072863338863
47111,29867,10.304509470946918
47113,36982,10.518186586766932
47115,31419,10.355168084441255
47117,38457,10.557296012980244
47119,41591,10.635639076689303
47121,29354,10.287184102171144
47123,30337,10.320123368646465
47125,38981,10.57082962691412
47127,36591,10.507557587511348
47129,27712,10.229620811362162
47131,32764,10.397085630635493
47133,26915,10.200439030995058
47135,28061,10.242135990940183
47137,24673,10.113464807318579
47139,29643,10.296981288863073
47141,30914,10.338964434712263
47143,30418,10.322789817432314
47145,33226,10.411087980946425
47147,43174,10.672993741194823
47149,46312,10.74315638575884
47151,24093,10.089676620856572
47153,30959,10.340419027440413
47155,34719,10.455042366516187
47157,39593,10.586407613940557
47159,35625,10.480802917570951
47161,32316,10.3833177425996
47163,33529,10.420166014977355
47165,46030,10.737048636811288
47167,41856,10.64199043481687
47169,32212,10.380094332915435
47171,29863,10.30437553490118
47173,27335,10.2159232113291
47175,28165,10.245835351328815
47177,30920,10.339158502701359
47179,33116,10.407771828258696
47181,26576,10.187763831853076
47183,30008,10.309219291761723
47185,29383,10.28817155479407
47187,69104,11.143367895200482
47189,50140,10.822574371712284
48001,31957,10.37214652814023
48003,34036,10.435174066969449
48005,33806,10.428393580510123
48007,30702,10.332083078033147
48009,38514,10.558777090539833
48011,38194,10.550433714195359
48013,33081,10.406714378426788
48015,38615,10.561396081003364
48017,27901,10.236417809461043
48019,39013,10.571650202901903
48021,43578,10.682307714834224
48023,24627,10.111598681016376
48025,28392,10.253862694326333
48027,36872,10.515207734400343
48029,38328,10.553935978562958
48031,39369,10.580733983564397
48033,29205,10.282095206474409
48035,34181,10.439425213116973
48037,33001,10.404293143019792
48039,48632,10.792037029428558
48041,29104,10.278630900757904
48043,27386,10.21778721289218
48045,29917,10.306182159681624
48047,18622,9.832098956448474
48049,30974,10.340903421876119
48051,33026,10.405050409022934
48053,37921,10.543260327329259
48055,36573,10.507065542233256
48057,35849,10.487070951635932
48059,32463,10.387856258239758
48061,26155,10.171795655804711
48063,31164,10.34701886145075
48065,40285,10.603734470211297
48067,28441,10.25558704504304
48069,30619,10.32937601028517
48071,47964,10.778206008499323
48073,29313,10.285786382612454
48075,27457,10.22037642353585
48077,35738,10.483969827438607
48079,27525,10.22284996159088
48081,29085,10.277977856344862
48083,25658,10.152610692809285
48085,70835,11.168108507813452
48087,25438,10.14399939801143
48089,32425,10.386685009184644
48091,46147,10.739587232400936
48093,28422,10.254918772151807
48095,31313,10.351788625763605
48097,37649,10.536061672450339
48099,35999,10.49124643927466
48101,25446,10.144313838702645
48103,32194,10.379535378766175
48105,29355,10.287218168498287
48107,25769,10.156927498081687
48109,25882,10.161303025381615
48111,27946,10.238029355640393
48113,43324,10.676462032955628
48115,28211,10.247467251790306
48117,29601,10.295563423525277
48119,29094,10.278287246333408
48121,58216,10.971915510026923
48123,28714,10.265140087687639
48125,25898,10.161921024628786
48127,21917,9.99501787038172
48129,29006,10.275257984120195
48131,22416,10.017530268576788
48133,26832,10.19735048406299
48135,31152,10.34663372761198
48137,25298,10.138480620207487
48139,50350,10.826753898146709
48141,31051,10.343386292962181
48143,30708,10.33227848594779
48145,26589,10.188252875406508
48147,34501,10.448743588106625
48149,34526,10.449467942376494
48151,27659,10.227706451275253
48153,26851,10.198058343191331
48155,25813,10.158633519975831
48157,63831,11.063994244741828
48159,31955,10.372083942084382
48161,31283,10.350830097988764
48163,24504,10.10659164851261
48165,30432,10.323249965345116
48167,42419,10.655351654054858
48169,27206,10.211192816193375
48171,38109,10.54820575369157
48173,35655,10.481644668462405
48175,34201,10.440010162389305
48177,28368,10.25301702831399
48179,31368,10.353543543972167
48181,37178,10.523472467467089
48183,35006,10.463274754350781
48185,32280,10.382203122383885
48187,43949,10.690785149725912
48189,31280,10.350734194659248
48191,23016,10.043944905231385
48193,31150,10.3465695242156
48195,35438,10.475539969718014
48197,28312,10.2510410220253
48199,37612,10.535078427396968
48201,42598,10.659562582798547
48203,33520,10.41989755459602
48205,46327,10.743480223454219
48207,23690,10.07280829715283
48209,45006,10.714551093197692
48211,35456,10.476047770106955
48213,32533,10.390010237778945
48215,24863,10.121136033568359
48217,31600,10.360912399575003
48219,31085,10.344480666703438
48221,43668,10.68437084740016
48223,32136,10.377732176039117
48225,28119,10.244200783414595
48227,30805,10.33543229344867
48229,21045,9.95441828120467
48231,36752,10.51194792492888
48233,36588,10.507475596776255
48235,37500,10.532096211958502
48237,32500,10.388995368317829
48239,35254,10.470334276979898
48241,30902,10.338576185710364
48243,32212,10.380094332915435
48245,34706,10.45466786165045
48247,25833,10.159408023364275
48249,28843,10.269622608180354
48251,44621,10.705959879210065
48253,29572,10.294583246676991
48255,26526,10.185880663054299
48257,44783,10.70958388210257
48259,49521,10.810152101015651
48261,25000,10.126631103850338
48263,30433,10.323282824952447
48265,34283,10.442404883468303
48267,29396,10.288613889648762
48269,35625,10.480802917570951
48271,28320,10.251323547807656
48273,29313,10.285786382612454
48275,25453,10.144588893224116
48277,31609,10.36119716915088
48279,27898,10.23631028065218
48281,36176,10.49615119451775
48283,21857,9.992276515350188
48285,29132,10.279592505337806
48287,36280,10.499021904229073
48289,30981,10.341129392339514
48291,38361,10.554796597479278
48293,29366,10.287592821522884
48295,31964,10.372365548494354
48297,32057,10.37527084723745
48299,34830,10.458234363360047
48301,40000,10.596634733096073
48303,32198,10.37965961780224
48305,26694,10.192194100034097
48307,25705,10.154440804489605
48309,33560,10.421090160581143
48311,32500,10.388995368317829
48313,29418,10.289362010879287
48315,25347,10.140415658820954
48317,31836,10.36835300392574
48319,30921,10.339190843704902
48321,32174,10.378913951950253
48323,21232,9.96326475657199
48325,36063,10.493022687972363
48327,24762,10.117065498980637
48329,39082,10.57341728191989
48331,33186,10.409883379222734
48333,30579,10.328068777836522
48335,25399,10.142465082152865
48337,31048,10.343289673048742
48339,50864,10.836910683150585
48341,34852,10.458865803351177
48343,29011,10.275430347393456
48345,28348,10.252311759930146
48347,28301,10.250652418696085
48349,31268,10.35035048934022
48351,28500,10.257659366256743
48353,26209,10.17385814221302
48355,35959,10.490134679522582
48357,38013,10.545683485467018
48359,33713,10.425638798632033
48361,37586,10.534386919616546
48363,31203,10.348269523021242
48365,31909,10.370643380642726
48367,45497,10.725401668699362
48369,30813,10.335691957833914
48371,28033,10.241137666615815
48373,30495,10.325318014730557
48375,29492,10.29187431910954
48377,19860,9.896462937599164
48379,33712,10.42560913604397
48381,42712,10.662235190180022
48383,33231,10.411238454185042
48385,25118,10.131339999578072
48387,27558,10.224048153553849
48389,23306,10.056466117133208
48391,29986,10.308485885054848
48393,44792,10.70978483102873
48395,28886,10.271112327661113
48397,65164,11.08466244818606
48399,27806,10.233007103729488
48401,32898,10.401167144632103
48403,27198,10.210898720168904
48405,27025,10.204517642507408
48407,32220,10.380342656730965
48409,34836,10.458406613812631
48411,30104,10.312413332273273
48413,29746,10.300449948152544
48415,31646,10.36236703727893
48417,30479,10.324793200863425
48419,29112,10.278905739291996
48421,33179,10.409672424652523
48423,37148,10.522665212895898
48425,39404,10.58162261297557
48427,16504,9.711358054751088
48429,29583,10.294955151000439
48431,35129,10.466782279155884
48433,27935,10.237635661893249
48435,34385,10.445375701753937
48437,29846,10.303806106491413
48439,46179,10.740280428278185
48441,34035,10.435144685882051
48443,24219,10.094892728063126
48445,28090,10.24316892009829
48447,28277,10.249804032346637
48449,32452,10.387517353514955
48451,33148,10.408737661968933
48453,46761,10.752804801157161
48455,27070,10.206181382608348
48457,29808,10.30253209284137
48459,33347,10.414723092275086
48461,28977,10.274257690847406
48463,27164,10.209647846233683
48465,28376,10.253298996453458
48467,35029,10.46393156882431
48469,38732,10.564421410731422
48471,31468,10.356726435449133
48473,38136,10.54891399688466
48475,29386,10.288273649435892
48477,36760,10.512165576469624
48479,28100,10.243524855321837
48481,32208,10.379970147879572
48483,31029,10.342677530045913
48485,33780,10.427624190361792
48487,29500,10.292145542327912
48489,22114,10.003966171102347
48491,60642,11.012743001302718
48493,40006,10.596784721847198
48495,30591,10.328461127032336
48497,41933,10.643828385423177
48499,32885,10.400771905735452
48501,32672,10.394273720964392
48503,30499,10.325449175172755
48505,24635,10.111923474978063
48507,16844,9.73174978928182
49001,34544,10.449989152754588
49003,44630,10.706161557623316
49005,39730,10.589861848808644
49007,34036,10.435174066969449
49009,30833,10.336340823963159
49011,53726,10.891652334646002
49013,31298,10.351309476723117
49015,39850,10.592877684218362
49017,35180,10.46823301829155
49019,32387,10.385512386696393
49021,33114,10.407711432667556
49023,38139,10.548992659618232
49025,34247,10.441354248613159
49027,36178,10.49620647826158
49029,50273,10.825223432646178
49031,29625,10.296373878437432
49033,39766,10.590767554818026
49035,48373,10.786697085808159
49037,28137,10.244840715177048
49039,33042,10.405534758490537
49041,35822,10.486317508785204
49043,64962,11.081557762538953
49045,45773,10.73144967661659
49047,34518,10.44923620609135
49049,45833,10.732759634666934
49051,49612,10.81198801893522
49053,37212,10.524386568888449
49055,32000,10.373491181781864
49057,44014,10.692263044109481
50001,43142,10.672252279554662
50003,39926,10.5947830197326
50005,34800,10.457372665762566
50007,47673,10.772120478880746
50009,30490,10.3251540399823
50011,41659,10.637272710686252
50013,43033,10.669722542203239
50015,39356,10.580403719985656
50017,39855,10.593003146862024
50019,31084,10.344448496329132
50021,36743,10.511703010307613
50023,40972,10.620644185556426
50025,38204,10.550695501154628
50027,40688,10.613688487661902
51001,30250,10.317251463458987
51003,50749,10.834647192276401
51005,38545,10.559581668893362
51007,40252,10.602914971053224
51009,37393,10.529238800109523
51011,36507,10.50525930200491
51013,63001,11.050905878263567
51015,43045,10.670001359092055
51017,35013,10.463474700080463
51019,43136,10.67211319427198
51021,30397,10.322099198314179
51023,48731,10.794070656866477
51025,31288,10.350989916435351
51027,22213,10.008432982057622
51029,29882,10.30501157141103
51031,37280,10.526212268799528
51033,39845,10.592752205831848
51035,30597,10.328657243918627
51036,42745,10.663007508460334
51037,28929,10.272599831178495
51041,58537,10.977414311922113
51043,51601,10.851296331126829
51045,37314,10.527123870331945
51047,45290,10.72084153655026
51049,31816,10.367724586887526
51051,23431,10.061815210915432
51053,41582,10.635422660303334
51057,37395,10.529292284625768
51059,81050,11.302821527163822
51061,61999,11.034873534864897
51063,31585,10.360437603332802
51065,46372,10.744451107790292
51067,38056,10.546814038112117
51069,46941,10.756646772970168
51071,34927,10.46101544805463
51073,45421,10.723729832149901
51075,56307,10.93857414032436
51077,28676,10.263815814972762
51079,45931,10.734895549344964
51081,32002,10.37355367982882
51083,29929,10.306583188995559
51085,59223,10.989065258933778
51087,49185,10.803343977946858
51089,31816,10.367724586887526
51091,29732,10.299979185845183
51093,45387,10.722980999412945
51095,55594,10.92583056074651
51097,35941,10.489633984101829
51099,49882,10.817415495221095
51101,49876,10.817295204116476
51103,33239,10.411479164280985
51105,22972,10.042031361984186
51107,80648,11.297849284733777
51109,39402,10.581571855419028
51111,27899,10.236346124873199
51113,39856,10.593028237501962
51115,43222,10.674104903862972
51117,31380,10.353926026287024
51119,36875,10.51528909364212
51121,32330,10.383750870719478
51125,36769,10.512410377841734
51127,53595,10.88921105912562
51131,28276,10.249768667290844
51133,38129,10.548730426438988
51135,30866,10.337410533460776
51137,42889,10.666370661780968
51139,33359,10.415082880004208
51141,28705,10.264826602601737
51143,35153,10.467465242103236
51145,53992,10.896591166423242
51147,31301,10.351405324899678
51149,49877,10.817315253638798
51153,65960,11.096803776673536
51155,33873,10.430373515848633
51157,45943,10.735156776679537
51159,33026,10.405050409022934
51161,47689,10.77245604231587
51163,36035,10.492245967358542
51165,40748,10.615162037709958
51167,26834,10.197425019150417
51169,27339,10.216069533164237
51171,39173,10.57574301295352
51173,30083,10.31171550713322
51175,33995,10.43396873396056
51177,57525,10.959974914903567
51179,66809,11.109593080988315
51181,37558,10.53364168376815
51183,31007,10.341968264428457
51185,27304,10.214788490586542
51187,42422,10.655422374579162
51191,32742,10.396413936414287
51193,35797,10.485619369994788
51195,26149,10.171566227844085
51197,32235,10.38080809774472
51199,57956,10.967439380940613
51510,56054,10.934070790806766
51515,28792,10.267852849758867
51520,27389,10.217896751915566
51530,32410,10.386222296135593
51540,31007,10.341968264428457
51550,50743,10.834528956356191
51560,26090,10.169307378130775
51570,43224,10.674151175523901
51580,30325,10.31972773381225
51590,26900,10.19988156558993
51595,30333,10.319991507759509
51600,67642,11.121984370878163
51610,74924,11.224229545415783
51620,31687,10.363661781116345
51630,34585,10.451175341034686
51640,28236,10.248353038515363
51650,39532,10.584865749496075
51660,29949,10.307251214004534
51670,33196,10.410184665718338
51678,28982,10.274430226605869
51680,32234,10.380777075082664
51683,60409,11.00889337944504
51685,60794,11.015246378874124
51690,27441,10.219793524324475
51700,36597,10.507721548816848
51710,31815,10.367693155666892
51720,22788,10.033989360600286
51730,28851,10.269899933380591
51735,60920,11.017316807009099
51740,33742,10.42649863116592
51750,24654,10.112694438111465
51760,31121,10.345638111452145
51770,30719,10.332636634648445
51775,38997,10.571239999076129
51790,32941,10.40247336149791
51800,41115,10.624128297404996
51810,48705,10.793536973205056
51820,32686,10.394702130653004
51830,37093,10.521183551548075
51840,34335,10.443920521054777
53001,33888,10.430816248401133
53003,33524,10.420016879218796
53005,47044,10.758838612970926
53007,37316,10.527177468080852
53009,36449,10.503669302218212
53011,48376,10.786759101953049
53013,33500,10.419300717813158
53015,39797,10.591546811547127
53017,38464,10.55747801789488
53019,30388,10.321803072623112
53021,38991,10.571086129249698
53023,33398,10.416251296932378
53025,35276,10.470958125008071
53027,34160,10.438810647902507
53029,45513,10.725753278416203
53031,37869,10.54188811442097
53033,53157,10.88100507782618
53035,46840,10.754492817711654
53037,32546,10.39040975222056
53039,34267,10.441938070914238
53041,35511,10.477597786622002
53043,35255,10.470362642153141
53045,39586,10.586230799380681
53047,29726,10.29977736270884
53049,31209,10.348461793739006
53051,31677,10.363346144474624
53053,45204,10.71894085748004
53055,43491,10.680309299119006
53057,42381,10.654455427579775
53059,39317,10.579412274300488
53061,53060,10.879178627691731
53063,37308,10.526963059846754
53065,34673,10.453716565076885
53067,46975,10.757370824281667
53069,39444,10.58263722345222
53071,35900,10.48849257447637
53073,40005,10.596759725284224
53075,28584,10.260602399703245
53077,34828,10.458176939948507
54001,24729,10.115731922981338
54003,38763,10.56522146239033
54005,25669,10.15303931712664
54007,24412,10.102830093664386
54009,32981,10.403686917060819
54011,28479,10.256922252549908
54013,21578,9.979429556111285
54015,22120,10.004237455636272
54017,26744,10.194065428099934
54019,24788,10.118114944081999
54021,22857,10.037012695141119
54023,28916,10.272150354120187
54025,26927,10.200884779674478
54027,31666,10.362998829061379
54029,33759,10.427002327418107
54031,31846,10.368667064416371
54033,30562,10.327512686165203
54035,32434,10.38696253427932
54037,44374,10.700408991312528
54039,33766,10.427209658037139
54041,27066,10.206033606636451
54043,22662,10.028444791940512
54045,24603,10.110623665704521
54047,16931,9.736901540128232
54049,28626,10.262070674744162
54051,30989,10.341387581787455
54053,27134,10.208542833045254
54055,26628,10.189718572720594
54057,31149,10.346537420971563
54059,21347,9.9686664935611
54061,28625,10.262035740856541
54063,27575,10.224664844121703
54065,35016,10.463560378870731
54067,26974,10.202628718076802
54069,30836,10.336438117579153
54071,30429,10.323151380044106
54073,32736,10.396230668751352
54075,26401,10.181157167204903
54077,27927,10.2373492417846
54079,41892,10.642850156893036
54081,28181,10.24640327098345
54083,27299,10.214605350465526
54085,27332,10.215813455900669
54087,24511,10.106877275363477
54089,21147,9.959253330441985
54091,27124,10.208174223803733
54093,26250,10.17542126801977
54095,29290,10.285001439821778
54097,26973,10.202591644652882
54099,27352,10.216544931319138
54101,21055,9.954893340596028
54103,30935,10.33964350796509
54105,30748,10.333580230469023
54107,33285,10.412862124034804
54109,23932,10.082971754509922
55001,33408,10.41655067124231
55003,31628,10.361798083190818
55005,37275,10.52607813963294
55007,33390,10.4160117329377
55009,46447,10.746067156580358
55011,37200,10.524064040261237
55013,34218,10.440507100384593
55015,52569,10.86988187137653
55017,39596,10.586483382039699
55019,34577,10.450944000123906
55021,45064,10.71583898057455
55023,34135,10.438078529852381
55025,49223,10.804116272920615
55027,45190,10.718631102405325
55029,38813,10.566510521040522
55031,35226,10.469539725292242
55033,38753,10.564963451139608
55035,39219,10.57691660222997
55037,34750,10.455934850992938
55039,45578,10.727180422942716
55041,32023,10.374209673604785
55043,36268,10.498691088765947
55045,43228,10.674243712423056
55047,39462,10.583093462529407
55049,42518,10.657682794661007
55051,29580,10.294853736264791
55053,37015,10.519078514877199
55055,46901,10.75579427616868
55057,35335,10.472629253124955
55059,46970,10.757264379021041
55061,43824,10.68793689150286
55063,39472,10.583346838769138
55065,37220,10.524601530196241
55067,33168,10.409340834675561
55069,39120,10.574389124148754
55071,43286,10.675584536074474
55073,45165,10.718077729583944
55075,35256,10.470391006521822
55077,35746,10.484193653750324
55078,29440,10.290109572842812
55079,38100,10.547969561114792
55081,37170,10.523257263291297
55083,41201,10.626217806887722
55085,37619,10.535264520896195
55087,49613,10.812008175145854
55089,62745,11.046834172544408
55091,37609,10.534998662437673
55093,49551,10.8107577211892
55095,41183,10.625780828826777
55097,43487,10.68021732183733
55099,35249,10.470192439043686
55101,48059,10.780184701749807
55103,33998,10.434056978338715
55105,45517,10.725841161531715
55107,31344,10.352778140184322
55109,54930,10.913814926336666
55111,41941,10.644019147757733
55113,32287,10.382419951415045
55115,38069,10.547155581629395
55117,46237,10.741535622348799
55119,38502,10.55846546697857
55121,37889,10.542416111476454
55123,33178,10.40964228465222
55125,33759,10.427002327418107
55127,46274,10.742335527267628
55129,33716,10.425727781117374
55131,57033,10.951385326659736
55133,62839,11.048331178812
55135,40910,10.619129810923445
55137,37000,10.51867319162636
55139,44445,10.702007748675776
55141,41595,10.635735246717989
56001,28790,10.267783383606222
56003,32682,10.39457974661173
56005,49536,10.8104549569494
56007,36060,10.492939496757309
56009,39603,10.58666015194887
56011,35601,10.480129006333248
56013,32503,10.389087671750044
56015,32228,10.380590918897086
56017,29888,10.30521234102857
56019,34012,10.434468682505683
56021,39607,10.586761149297775
56023,40794,10.616290290754515
56025,36619,10.508322510373395
56027,29701,10.298935994257638
56029,35829,10.486512900336537
56031,33866,10.430166840225287
56033,34538,10.449815446144616
56035,39044,10.572444494294857
56037,46537,10.748002974099618
56039,54614,10.908045539121915
56041,44544,10.704232743694092
56043,34943,10.46147344147898
56045,32348,10.384307474215714
72001,9888,9.199077179697472
72003,11384,9.339964139769688
72005,11476,9.348013177101256
72007,12957,9.469391461628812
72009,12725,9.451323841418724
72011,12620,9.443038136095204
72013,12496,9.433163872079467
72015,11484,9.348710041240954
72017,11706,9.367856809851165
72019,11322,9.334503014596605
72021,19861,9.896513288798792
72023,13580,9.516353401112687
72025,16522,9.712448105122451
72027,13168,9.485544922916851
72029,13034,9.475316606892326
72031,21236,9.963453133703561
72033,12852,9.461254720235749
72035,13452,9.50688307286016
72037,16440,9.70747266861017
72039,10981,9.303921785597714
72041,15557,9.652265977087122
72043,12064,9.397981090247738
72045,10892,9.295783853793651
72047,11786,9.374667665397858
72049,17008,9.74143910058173
72051,16460,9.70868847423106
72053,15410,9.642771928314161
72054,11123,9.316770315592029
72055,9721,9.18204377282107
72057,12112,9.40195197567723
72059,11361,9.337941716569905
72061,26211,10.173934448966204
72063,16451,9.708141544619421
72065,12378,9.423675982299306
72067,16745,9.725854985228304
72069,14345,9.571156728415465
72071,11685,9.366061246972958
72073,11220,9.325453179076687
72075,12892,9.464362242935328
72077,13072,9.478227817099784
72079,11384,9.339964139769688
72081,9685,9.178333575841096
72083,9472,9.156095357123787
72085,14622,9.590282522853261
72087,11200,9.323669057283185
72089,13631,9.520101889570842
72091,12796,9.45688790106941
72093,9243,9.131621787264777
72095,11638,9.362030885216615
72097,11775,9.373733918884618
72099,11271,9.329988334242078
72101,12090,9.400133943608838
72103,11461,9.346705246496699
72105,12484,9.43220310339067
72107,9945,9.204825191288073
72109,12021,9.394410399304254
72111,12194,9.408699306467762
72113,12998,9.472550778454295
72115,12210,9.41001056710475
72117,11460,9.346617990268731
72119,15006,9.616205400105674
72121,12485,9.432283202713874
72123,11391,9.340578848899913
72125,13089,9.479527461791719
72127,17367,9.762327132747114
72129,12226,9.41132011058867
72131,10962,9.302190025606063
72133,11895,9.383873422737057
72135,20134,9.910165207289369
72137,18331,9.816348894719365
72139,21980,9.997888227957612
72141,9948,9.205126804923296
72143,13495,9.510074525452104
72145,13933,9.542015406113592
72147,9331,9.141097469234023
72149,11728,9.369734424126433
72151,12292,9.416703923250376
72153,11924,9.386308454797962
